OverallQual,GrLivArea,GarageCars,TotalBsmtSF,FullBath,YearBuilt,YearRemodAdd,MasVnrArea,Fireplaces,OpenPorchSF_log,SalePrice
7,1710,2,856,2,2003,2003,196.0,0,4.127134385045092,208500
6,1262,2,1262,2,1976,1976,0.0,1,0.0,181500
7,1786,2,920,2,2001,2002,162.0,1,3.7612001156935615,223500
7,1717,3,756,1,1915,1970,0.0,1,3.58351893845611,140000
8,2198,3,1145,2,2000,2000,350.0,1,4.442651256490317,250000
5,1362,2,796,1,1993,1995,0.0,0,3.4339872044851463,143000
8,1694,2,1686,2,2004,2005,186.0,1,4.060443010546419,307000
7,2090,2,1107,2,1973,1973,240.0,2,5.3230099791384085,200000
7,1774,2,952,2,1931,1950,0.0,2,0.0,129900
5,1077,1,991,1,1939,1950,0.0,2,1.6094379124341005,118000
5,1040,1,1040,1,1965,1965,0.0,0,0.0,129500
9,2324,3,1175,3,2005,2006,286.0,2,3.091042453358316,345000
5,912,1,912,1,1962,1962,0.0,0,0.0,144000
7,1494,3,1494,2,2006,2007,306.0,1,3.5263605246161616,279500
6,1253,1,1253,1,1960,1960,212.0,1,5.365976015021851,157000
7,854,2,832,1,1929,2001,0.0,0,4.727387818712341,132000
6,1004,2,1004,1,1970,1970,180.0,1,0.0,149000
4,1296,2,0,2,1967,1967,0.0,0,0.0,90000
5,1114,2,1114,1,2004,2004,0.0,0,4.634728988229636,159000
5,1339,1,1029,1,1958,1965,0.0,0,0.0,139000
8,2376,3,1158,3,2005,2006,380.0,1,5.043425116919247,325300
7,1108,1,637,1,1930,1950,0.0,1,0.0,139400
8,1795,2,1777,2,2002,2002,281.0,1,5.075173815233827,230000
5,1060,2,1040,1,1976,1976,0.0,1,4.709530201312334,129900
5,1060,1,1060,1,1968,2001,0.0,1,4.51085950651685,154000
8,1600,3,1566,2,2007,2007,640.0,1,4.04305126783455,256300
5,900,2,900,1,1951,2000,0.0,0,3.49650756146648,134800
8,1704,3,1704,2,2007,2008,200.0,1,3.9318256327243257,306000
5,1600,1,1484,1,1957,1997,0.0,2,5.556828061699537,207500
4,520,1,520,1,1927,1950,0.0,0,0.0,68500
4,1317,1,649,1,1920,1950,0.0,0,4.007333185232471,40000
5,1228,1,1228,1,1966,2006,0.0,0,4.189654742026425,149350
8,1234,2,1234,2,2007,2007,0.0,0,3.4339872044851463,179900
5,1700,2,1398,1,1959,1959,0.0,1,3.6635616461296463,165500
9,1561,2,1561,2,2005,2005,246.0,1,3.871201010907891,277500
8,2452,3,1117,3,2004,2005,132.0,1,3.49650756146648,309000
5,1097,2,1097,1,1994,1995,0.0,0,4.174387269895637,145000
5,1297,2,1297,1,1954,1990,650.0,1,0.0,153000
5,1057,1,1057,1,1953,2007,0.0,0,3.970291913552122,109000
4,1152,0,0,2,1955,1955,0.0,0,0.0,82000
6,1324,2,1088,2,1965,1965,101.0,1,4.934473933130692,160000
5,1328,1,1350,1,1959,1959,0.0,2,4.653960350157523,170000
5,884,2,840,1,1983,1983,0.0,0,0.0,144000
5,938,1,938,1,1975,1980,0.0,0,0.0,130250
5,1150,1,1150,1,1959,1959,0.0,0,0.0,141000
9,1752,2,1752,2,2005,2005,412.0,1,4.418840607796598,319900
7,2149,2,1434,1,2003,2003,0.0,1,3.784189633918261,239686
8,1656,3,1656,2,2006,2006,0.0,0,4.990432586778736,249700
4,1452,0,736,2,1920,2008,0.0,0,0.0,113000
5,955,1,955,1,1966,1966,0.0,0,0.0,127000
6,1470,2,794,2,1997,1997,0.0,0,4.330733340286331,177000
6,1176,2,816,1,1934,1950,0.0,1,0.0,114500
5,816,2,816,1,1963,1963,0.0,0,0.0,110000
9,1842,3,1842,0,1981,1987,0.0,1,4.290459441148391,385000
5,1360,2,384,1,1955,1955,0.0,1,3.9318256327243257,130000
6,1425,2,1425,2,1964,1964,272.0,1,0.0,180500
8,1739,2,970,2,1999,2000,456.0,0,0.0,172500
7,1720,2,860,2,2004,2004,0.0,0,4.262679877041316,196500
10,2945,3,1410,3,2006,2006,1031.0,1,0.0,438780
5,780,1,780,1,1972,1972,0.0,0,0.0,124900
6,1158,2,1158,1,2004,2004,0.0,0,3.9318256327243257,158000
5,1111,1,530,1,1920,1996,0.0,0,0.0,101000
8,1370,2,1370,2,2006,2006,178.0,1,3.912023005428146,202500
7,1710,2,576,2,1921,1950,0.0,0,2.4849066497880004,140000
7,2034,2,1057,2,1997,1998,573.0,0,3.610917912644224,219500
8,2473,3,1143,2,2004,2005,344.0,1,5.0238805208462765,317000
7,2207,2,1947,2,1970,1989,287.0,1,0.0,180000
7,1479,2,1453,2,2003,2003,167.0,0,3.4011973816621555,226000
4,747,1,747,1,1945,1950,0.0,0,0.0,80000
7,2287,2,1304,2,1953,1953,0.0,1,3.091042453358316,225000
7,2223,2,2223,2,1973,1973,1115.0,2,0.0,244000
4,845,2,845,1,1982,2006,0.0,0,0.0,129500
7,1718,2,832,2,1998,1998,40.0,1,4.553876891600541,185000
5,1086,2,1086,1,1954,2003,104.0,0,0.0,144900
3,1605,1,840,2,1915,1950,0.0,0,0.0,107400
4,988,1,462,1,1973,1973,0.0,0,4.624972813284271,91000
4,952,1,952,1,1956,1956,0.0,0,0.0,135750
5,1285,1,672,1,1948,2001,0.0,0,0.0,127000
4,1768,0,1768,2,1968,1968,0.0,0,0.0,136500
5,1230,2,440,1,1910,1981,0.0,0,0.0,110000
6,2142,1,896,2,1968,1968,576.0,1,4.290459441148391,193500
6,1337,2,1237,2,1998,1998,443.0,0,5.298317366548036,153500
8,1563,3,1563,2,2007,2007,468.0,1,4.605170185988092,245000
5,1065,2,1065,1,1960,1960,66.0,0,0.0,126500
7,1474,2,384,2,1995,1996,22.0,1,4.290459441148391,168500
8,2417,2,1288,2,1991,1992,284.0,1,4.418840607796598,260000
6,1560,2,684,2,2005,2005,0.0,1,3.6635616461296463,174000
6,1224,2,612,2,2009,2009,76.0,0,5.459585514144159,164500
3,1526,0,1013,1,1915,1982,0.0,0,0.0,85000
4,990,0,990,1,1994,1995,0.0,0,0.0,123600
4,1040,2,0,1,1950,1950,0.0,0,3.4011973816621555,109900
5,1235,2,1235,1,1961,1961,203.0,0,0.0,98600
5,964,2,876,1,1921,2006,0.0,0,0.0,163500
6,2291,2,1214,2,1910,1998,0.0,1,0.0,133900
6,1786,2,824,2,1997,1997,0.0,0,5.093750200806762,204750
6,1470,2,680,2,1993,1993,68.0,1,4.158883083359672,185000
7,1588,2,1588,2,1999,1999,183.0,0,3.4011973816621555,214000
4,960,1,960,1,1965,1965,48.0,0,0.0,94750
5,835,1,458,1,1920,1950,0.0,0,0.0,83000
4,1225,0,950,1,1959,1959,0.0,0,0.0,128950
6,1610,2,1610,2,1977,2001,28.0,2,4.23410650459726,205000
6,1732,2,741,2,1985,1985,336.0,1,3.8501476017100575,178000
5,1535,2,0,2,1979,1979,0.0,0,0.0,118964
7,1226,3,1226,2,2009,2009,0.0,0,3.610917912644224,198900
7,1818,1,1040,1,1931,1950,600.0,2,0.0,169500
8,1992,2,1053,2,2003,2004,768.0,1,3.828641396489095,250000
4,1047,1,641,1,1885,1995,0.0,0,0.0,100000
5,789,1,789,1,1948,1950,0.0,0,0.0,115000
5,1517,0,793,2,1919,2005,0.0,0,0.0,115000
6,1844,2,1844,2,1977,1977,480.0,1,4.812184355372417,190000
6,1855,1,994,2,1954,1972,0.0,0,0.0,136900
7,1430,2,384,2,2000,2000,0.0,1,0.0,180000
7,2696,3,1264,2,2007,2007,220.0,1,5.220355825078324,383970
6,2259,2,1809,2,1953,1953,184.0,2,4.795790545596741,217000
6,2320,1,1028,2,1945,2002,0.0,1,0.0,259500
6,1458,2,729,2,1999,1999,1129.0,1,3.49650756146648,176000
5,1092,1,1092,1,1962,1962,116.0,1,3.044522437723423,139000
5,1125,2,1125,1,2006,2007,0.0,0,4.174387269895637,155000
7,3222,3,1673,3,1990,1990,0.0,2,0.0,320000
6,1456,2,728,2,2005,2006,0.0,1,3.218875824868201,163990
6,988,2,938,1,1969,1969,0.0,2,4.875197323201151,180000
4,1123,1,732,1,1939,1950,0.0,0,0.0,100000
6,1080,1,1080,1,1958,1958,135.0,0,0.0,136000
6,1199,2,1199,2,1993,1993,0.0,0,4.158883083359672,153900
6,1586,2,1362,2,1979,1998,0.0,1,0.0,181000
6,754,0,520,1,1935,1982,0.0,0,0.0,84500
6,958,2,1078,2,1976,1976,0.0,1,5.327876168789581,128000
5,840,0,672,1,1930,1950,0.0,1,0.0,87000
6,1348,2,660,1,1966,1966,266.0,1,4.691347882229144,155000
5,1053,2,1008,1,1958,1991,85.0,0,4.394449154672439,150000
7,2157,2,924,2,1966,1966,309.0,2,4.204692619390966,226000
6,2054,2,992,2,2000,2000,40.0,1,3.8918202981106265,244000
5,1327,2,1063,1,1959,2002,0.0,0,0.0,150750
8,1296,2,1267,2,2001,2002,136.0,0,3.258096538021482,220000
5,1721,2,1461,2,1968,1993,0.0,1,4.574710978503383,180000
7,1682,2,1304,2,1970,1970,288.0,1,0.0,174000
5,1214,1,1214,2,1967,1967,196.0,1,4.718498871295094,143000
7,1959,3,1907,3,1988,1989,70.0,0,0.0,171000
8,1852,3,1004,2,1999,2000,320.0,2,4.672828834461906,230000
6,1764,2,928,2,1997,1997,0.0,0,4.605170185988092,231500
4,864,0,864,1,1971,1971,0.0,1,0.0,115000
7,1734,2,1734,2,2005,2005,0.0,0,3.218875824868201,260000
5,1385,2,910,2,1952,1952,0.0,0,0.0,166000
7,1501,2,1490,2,1999,1999,183.0,0,3.4011973816621555,204000
5,1728,2,1728,2,1963,1963,336.0,0,0.0,125000
6,1709,2,970,2,2004,2006,50.0,0,3.713572066704308,130000
5,875,1,715,1,1931,1993,0.0,0,0.0,105000
7,2035,2,884,2,2001,2001,180.0,1,3.8918202981106265,222500
7,1080,0,1080,1,2004,2005,120.0,0,0.0,141000
5,1344,1,896,1,1936,1950,0.0,0,4.74493212836325,115000
5,969,2,969,1,1975,1975,0.0,0,0.0,122000
8,1710,3,1710,2,2007,2008,436.0,1,4.634728988229636,372402
6,1993,2,825,2,1971,1971,252.0,1,4.204692619390966,190000
6,1252,2,1602,1,1960,1975,0.0,1,0.0,235000
6,1200,1,1200,1,1923,1950,0.0,0,0.0,125000
6,1096,0,572,1,1924,1950,0.0,0,2.19722457733622,79000
5,1040,2,0,1,1950,1950,0.0,0,0.0,109500
8,1968,3,774,2,2009,2010,84.0,1,4.330733340286331,269500
7,1947,2,991,2,2004,2005,0.0,1,4.919980925828125,254900
7,2462,2,1392,2,2005,2006,456.0,1,4.890349128221754,320000
6,1232,2,1232,2,1984,1984,0.0,0,0.0,162500
9,2668,3,1572,2,2003,2004,664.0,2,0.0,412500
7,1541,2,1541,2,2005,2005,226.0,1,4.262679877041316,220000
4,882,0,882,1,1956,1956,0.0,0,0.0,103200
6,1616,1,1149,2,1926,2004,0.0,0,0.0,152000
5,1355,0,644,2,1940,1999,0.0,0,0.0,127500
5,1867,1,1617,1,1955,1993,0.0,3,0.0,190000
8,2161,3,1582,1,2007,2007,300.0,1,4.795790545596741,325624
7,1720,2,840,2,2004,2004,0.0,1,3.8918202981106265,183500
8,1707,2,1686,2,1981,1981,653.0,1,4.174387269895637,228000
5,1382,2,720,1,1941,1950,0.0,0,0.0,128500
6,1656,2,1080,1,1960,1960,112.0,2,4.143134726391533,215000
7,1767,2,1064,2,1987,1987,0.0,1,3.58351893845611,239000
6,1362,2,1362,1,1961,1961,491.0,1,3.044522437723423,163000
6,1651,2,1606,2,1986,1986,132.0,1,0.0,184000
6,2158,2,1202,2,1950,2001,0.0,1,3.4011973816621555,243000
6,2060,2,1151,2,1988,1989,268.0,1,5.43372200355424,211000
5,1920,2,1052,2,1958,1958,0.0,1,0.0,172500
9,2234,3,2216,2,2008,2009,748.0,1,4.110873864173311,501837
5,968,2,968,1,1923,2006,0.0,0,0.0,100000
6,1525,2,756,2,2000,2000,456.0,1,0.0,177000
7,1802,1,793,1,1920,1950,0.0,1,0.0,200100
5,1340,1,0,1,1957,2006,98.0,1,0.0,120000
7,2082,2,1362,2,2003,2003,0.0,0,5.476463551931511,200000
5,1252,2,504,1,1908,1991,0.0,0,0.0,127000
10,3608,3,1107,2,1892,1993,0.0,2,5.564520407322694,475000
7,1217,2,1188,2,1990,1991,0.0,0,3.332204510175204,173000
5,1656,1,660,2,1916,1987,0.0,0,0.0,135000
5,1224,2,1086,0,1979,1979,275.0,2,0.0,153337
8,1593,2,1593,1,2001,2002,0.0,1,4.795790545596741,286000
8,2727,2,853,2,1932,1994,0.0,2,4.31748811353631,315000
7,1479,2,725,1,1972,2004,138.0,0,3.49650756146648,184000
7,1431,2,1431,2,1999,1999,0.0,0,3.58351893845611,192000
7,1709,2,970,2,2004,2004,50.0,0,3.713572066704308,130000
5,864,1,864,1,1972,1972,0.0,0,0.0,127000
6,1456,2,855,2,1976,1976,0.0,1,0.0,148500
7,1726,3,1726,2,2007,2007,205.0,1,4.934473933130692,311872
8,3112,2,1360,2,1918,1990,0.0,1,2.833213344056216,235000
6,2229,0,755,1,1912,1950,0.0,0,5.293304824724492,104000
8,1713,3,1713,2,2004,2005,262.0,1,3.295836866004329,274900
4,1121,2,1121,2,2003,2004,0.0,0,4.174387269895637,140000
6,1279,2,1196,2,1977,1977,0.0,2,4.430816798843313,171500
6,1310,1,617,2,1924,1950,0.0,0,0.0,112000
6,848,2,848,1,2004,2004,205.0,1,0.0,149000
5,1284,1,720,1,1947,1950,0.0,0,3.58351893845611,110000
7,1442,2,1424,2,1990,1990,0.0,0,3.555348061489413,180500
5,1696,1,1140,1,1962,1962,0.0,1,3.4339872044851463,143900
4,1100,1,1100,1,1960,1960,0.0,1,0.0,141000
7,2062,2,1157,2,1988,1989,128.0,1,4.02535169073515,277000
6,1092,2,1092,1,1964,1964,260.0,0,0.0,145000
5,864,0,864,1,1925,1950,0.0,0,0.0,98000
6,1212,2,1212,2,2009,2009,0.0,0,3.1354942159291497,186000
7,1852,2,900,2,2009,2009,0.0,1,4.691347882229144,252678
5,990,2,990,1,1995,1995,0.0,0,0.0,156000
6,1392,1,689,1,1977,1977,153.0,0,3.610917912644224,161750
5,1236,1,1070,1,1957,1996,64.0,1,0.0,134450
7,1436,2,1436,2,2004,2004,266.0,0,4.59511985013459,210000
4,1328,1,686,1,1925,1950,0.0,0,5.153291594497779,107000
7,1954,2,798,1,1939,2006,312.0,2,4.787491742782046,311500
7,1248,2,1248,2,2005,2006,16.0,0,0.0,167240
7,1498,2,1498,2,2006,2006,0.0,0,3.5263605246161616,204900
6,2267,2,1010,2,2002,2002,0.0,1,3.8501476017100575,200000
6,1552,2,713,2,1975,1975,0.0,1,5.342334251964811,179900
4,864,2,864,1,1971,1971,0.0,0,0.0,97000
10,2392,3,2392,2,2003,2003,922.0,1,4.663439094112067,386250
5,1302,1,630,2,1971,1971,142.0,0,0.0,112000
7,2520,3,1203,2,1995,1995,290.0,1,4.74493212836325,290000
6,987,1,483,1,1970,1970,127.0,0,0.0,106000
5,912,1,912,1,1967,1967,0.0,1,0.0,125000
7,1555,2,1373,2,2005,2006,16.0,1,3.044522437723423,192500
6,1194,1,1194,1,1959,1959,220.0,0,0.0,148000
8,2794,3,1462,2,1995,1996,506.0,1,4.990432586778736,403000
6,987,1,483,1,1972,1972,297.0,1,0.0,94500
5,894,1,894,1,1976,1976,0.0,0,0.0,128200
6,1960,2,860,2,2002,2002,0.0,2,3.8918202981106265,216500
6,987,1,483,1,1971,1971,604.0,0,0.0,89500
7,1414,2,1414,2,2004,2004,98.0,0,4.663439094112067,185500
7,1744,2,996,2,1993,2003,0.0,0,4.262679877041316,194500
8,1694,3,1694,2,2007,2007,254.0,0,5.43372200355424,318000
6,1487,1,735,1,1945,1950,0.0,1,4.948759890378168,113000
8,1566,2,1566,2,2008,2008,36.0,0,5.1298987149230735,262500
5,866,0,686,1,1945,1997,0.0,0,3.7612001156935615,110500
5,1440,1,540,1,1900,1950,0.0,0,0.0,79000
6,1217,1,626,1,1980,1980,0.0,1,3.367295829986474,120000
7,2110,2,948,2,1994,2002,0.0,2,4.875197323201151,205000
7,1872,2,1845,2,1988,1988,102.0,1,3.688879454113936,241500
6,1928,1,1020,2,1910,1950,0.0,0,4.110873864173311,137000
6,1375,2,1367,1,1954,1954,0.0,1,3.4339872044851463,140000
7,1668,2,840,2,2003,2003,101.0,0,4.23410650459726,180000
6,2144,2,1444,2,1958,2006,472.0,2,4.59511985013459,277000
3,1306,0,728,1,1940,1966,0.0,0,0.0,76500
8,1625,2,1573,2,2006,2007,481.0,1,0.0,235000
6,1640,2,798,2,2004,2004,0.0,0,3.828641396489095,173000
6,1302,1,1302,2,1964,1991,108.0,0,0.0,158000
5,1314,1,1314,1,1957,1957,0.0,0,0.0,145000
7,2291,2,975,2,1999,1999,302.0,1,0.0,230000
6,1728,2,864,2,2003,2003,0.0,0,4.04305126783455,207500
7,1604,2,1604,2,2006,2006,180.0,1,4.709530201312334,220000
7,1792,2,963,2,2001,2001,172.0,1,4.574710978503383,231500
5,882,1,0,1,1956,1956,0.0,0,3.828641396489095,97000
6,1382,2,1362,1,1962,1962,399.0,1,0.0,176000
8,2574,3,1482,2,2007,2007,270.0,1,5.003946305945459,276000
6,1212,2,506,1,1977,1995,46.0,1,2.5649493574615367,151000
5,1316,2,926,1,1929,2001,0.0,0,0.0,130000
5,764,2,680,1,1925,2004,0.0,0,0.0,73000
6,1422,2,1422,2,1981,1981,210.0,1,0.0,175500
6,1511,2,802,2,1997,1997,0.0,1,4.330733340286331,185000
5,2192,1,720,2,1939,1997,0.0,1,3.218875824868201,179500
5,778,1,740,1,1940,1955,0.0,1,3.258096538021482,120500
6,1113,1,1143,1,1976,1976,174.0,1,3.4339872044851463,148000
8,1939,3,1095,2,2006,2006,0.0,1,3.951243718581428,266000
7,1363,2,1385,1,1954,2005,0.0,2,0.0,241500
8,2270,3,1152,2,1999,2007,348.0,1,4.060443010546419,290000
6,1632,1,1240,2,1958,1988,183.0,1,0.0,139000
5,816,1,816,1,1982,1982,0.0,0,0.0,124500
7,1548,2,952,2,1925,2007,0.0,0,0.0,205000
7,1560,2,1560,2,2003,2003,0.0,0,5.017279836814924,201000
4,864,2,864,1,1951,1951,0.0,0,0.0,141000
9,2121,3,2121,2,2006,2007,315.0,1,4.59511985013459,415298
7,2022,2,1160,2,1977,1977,299.0,1,4.770684624465665,192000
7,1982,2,807,2,1989,1989,340.0,1,4.442651256490317,228500
6,1262,2,1262,2,2006,2006,68.0,0,4.795790545596741,185000
7,1314,2,1314,2,2007,2008,166.0,1,4.143134726391533,207500
8,1468,3,1468,2,2008,2009,72.0,1,5.017279836814924,244600
6,1575,2,1575,2,1992,1992,0.0,0,0.0,179200
7,1250,2,625,2,2006,2007,0.0,0,4.007333185232471,164700
6,1734,2,912,1,1962,1981,0.0,1,0.0,159000
4,858,0,858,1,1971,1971,0.0,0,0.0,88000
5,900,1,882,1,1967,1967,31.0,0,0.0,122000
6,1396,1,698,1,1915,2003,0.0,0,0.0,153575
8,1919,2,1079,2,2006,2006,0.0,1,3.951243718581428,233230
5,1716,0,780,2,1912,2000,0.0,0,5.220355825078324,135900
5,1716,1,768,1,1949,2008,0.0,1,0.0,131000
7,2263,2,795,2,1977,1994,34.0,1,5.525452939131784,235000
6,1644,2,1416,1,1953,1953,238.0,2,0.0,167000
6,1003,2,1003,1,1984,1984,0.0,0,0.0,142500
5,1558,1,910,1,1950,1950,0.0,0,0.0,152000
7,1950,2,975,2,1997,1998,1600.0,1,2.3978952727983707,239000
6,1743,2,702,1,1968,1968,365.0,1,0.0,175000
6,1152,1,1092,1,1950,2004,0.0,1,3.610917912644224,158500
5,1336,1,1165,1,1953,1953,56.0,2,0.0,157000
8,2452,2,1028,2,1998,1999,0.0,1,3.9318256327243257,267000
7,1541,3,1541,2,2001,2002,150.0,1,4.406719247264253,205000
5,894,2,894,1,1972,1972,0.0,0,0.0,149900
7,3493,3,1470,3,1880,2002,0.0,1,0.0,295000
8,2000,3,2000,2,2004,2005,246.0,0,0.0,305900
7,2243,3,700,2,1990,1991,246.0,1,3.80666248977032,225000
6,1406,0,319,1,1920,1950,0.0,0,4.976733742420574,89500
4,861,2,861,1,1940,1950,0.0,0,0.0,82500
9,1944,3,1896,2,2003,2004,0.0,3,5.170483995038151,360000
6,1501,2,697,2,1993,1994,112.0,1,4.158883083359672,165600
6,972,1,972,1,1948,2002,0.0,1,0.0,132000
5,1118,2,793,1,1939,1950,0.0,1,0.0,119900
7,2036,2,2136,2,1965,1965,0.0,2,0.0,375000
7,1641,2,728,1,1925,1990,0.0,1,0.0,178000
7,1432,2,716,2,2004,2005,0.0,1,3.951243718581428,188500
7,2353,2,845,2,1980,1980,278.0,1,5.278114659230517,260000
8,1959,3,1088,2,2006,2006,0.0,1,3.8501476017100575,270000
7,2646,3,1347,2,1993,1993,256.0,1,4.110873864173311,260000
7,1472,2,1372,2,1980,1980,225.0,2,3.8918202981106265,187500
9,2596,3,1249,3,2006,2006,370.0,0,5.043425116919247,342643
8,2468,3,1136,2,2004,2004,388.0,1,5.043425116919247,354000
7,2730,2,1502,2,1986,1987,172.0,1,4.574710978503383,301000
3,1163,1,1162,1,1955,2005,0.0,0,4.59511985013459,126175
7,2978,2,710,2,1967,2007,300.0,1,0.0,242000
5,803,2,720,1,1941,1950,0.0,0,0.0,87000
8,1719,2,1719,1,1993,1993,0.0,2,3.4339872044851463,324000
6,1383,1,1383,1,1960,1960,175.0,0,3.828641396489095,145250
6,2134,2,844,2,1916,1994,0.0,0,4.110873864173311,214500
5,1192,1,596,1,1920,1950,0.0,0,0.0,78000
5,1728,1,1728,2,1964,1964,84.0,0,0.0,119000
5,1056,1,1056,1,1958,1992,0.0,0,0.0,139000
8,1629,3,3206,2,2003,2004,296.0,1,0.0,284000
7,1358,2,1358,2,2004,2004,146.0,1,3.4339872044851463,207000
6,1638,2,943,2,1998,1998,0.0,2,3.6635616461296463,192000
5,1786,2,1499,2,1965,1965,0.0,2,0.0,228950
9,1922,3,1922,2,2005,2006,200.0,1,3.951243718581428,377426
7,1536,2,1536,2,2002,2003,113.0,0,4.31748811353631,214000
7,1621,2,1208,2,1984,1998,0.0,0,3.828641396489095,202500
6,1215,1,1215,1,1958,1998,176.0,0,0.0,155000
8,1908,2,967,2,2002,2002,0.0,0,0.0,202900
4,841,1,721,1,1950,1950,0.0,0,0.0,82000
3,1040,2,0,2,1949,1950,340.0,0,0.0,87500
9,1684,2,1684,2,2005,2005,616.0,1,4.290459441148391,266000
5,1112,1,536,1,1976,1976,0.0,0,0.0,85000
6,1577,1,972,1,1939,1950,0.0,1,0.0,140200
6,958,1,958,1,1960,1998,0.0,0,0.0,151500
6,1478,2,1478,2,1960,1960,30.0,2,3.713572066704308,157500
7,1626,2,764,2,2003,2004,106.0,0,3.332204510175204,154000
9,2728,3,1848,2,2005,2006,870.0,2,0.0,437154
9,1869,2,1869,2,2007,2007,362.0,1,4.007333185232471,318061
7,1453,2,1453,1,1986,1986,0.0,1,4.394449154672439,190000
5,1111,1,616,1,1941,1950,0.0,0,0.0,95000
6,720,2,624,1,1928,2003,0.0,0,0.0,105900
6,1595,1,940,1,1940,2000,0.0,2,0.0,140000
6,1200,2,1200,2,1995,1995,0.0,0,3.295836866004329,177500
6,1167,2,1158,2,1992,1992,106.0,0,3.295836866004329,173000
5,1142,2,1142,1,1976,1976,0.0,1,4.51085950651685,134000
5,1352,1,1062,1,1958,1958,120.0,0,0.0,130000
8,1924,2,1086,2,1998,1998,530.0,1,4.330733340286331,280000
6,912,2,888,1,1978,1978,0.0,1,0.0,156000
5,1505,1,883,1,1940,1982,0.0,0,0.0,145000
7,1922,2,0,3,2003,2003,500.0,1,0.0,198500
6,987,1,483,1,1972,2007,510.0,0,0.0,118000
6,1574,2,796,2,1976,1976,120.0,1,4.718498871295094,190000
5,1344,1,672,1,1920,1997,0.0,0,4.859812404361672,147000
6,1394,2,1394,1,1963,1963,247.0,2,4.343805421853684,159000
6,1431,1,1099,1,1962,1962,305.0,1,4.709530201312334,165000
5,1268,1,1268,1,1954,1954,200.0,1,4.59511985013459,132000
5,1287,2,1063,1,1959,2006,0.0,1,2.8903717578961645,162000
6,1664,2,953,2,2000,2000,0.0,1,3.713572066704308,172400
4,1588,2,0,2,1959,1959,0.0,1,4.0943445622221,134432
6,752,1,744,1,1984,1984,0.0,0,0.0,125000
5,1319,1,608,1,1953,1953,0.0,0,0.0,123000
7,1928,2,847,2,2003,2004,0.0,1,3.8918202981106265,219500
1,904,0,683,0,1922,1950,0.0,0,0.0,61000
5,914,2,870,1,1996,1996,0.0,0,0.0,148000
8,2466,2,1580,3,2004,2005,0.0,1,5.3706380281276624,340000
9,1856,3,1856,1,2010,2010,350.0,1,0.0,394432
6,1800,2,982,2,2000,2000,16.0,1,4.158883083359672,179000
5,1691,1,1026,2,1924,1950,0.0,1,0.0,127000
7,1301,2,1293,2,2006,2006,0.0,1,4.804021044733257,187750
7,1797,2,939,2,2006,2006,0.0,0,3.9889840465642745,213500
6,784,2,784,1,1928,1950,0.0,0,0.0,76000
6,1953,2,1580,2,1992,1992,0.0,2,5.44673737166631,240000
8,1269,2,1256,2,2004,2005,16.0,1,3.044522437723423,192000
5,1184,0,658,1,1910,1996,0.0,0,5.0238805208462765,81000
6,1125,1,1041,1,1976,1976,255.0,1,0.0,125000
7,1479,2,1468,2,1999,2000,125.0,0,3.258096538021482,191000
10,2332,3,1682,2,2007,2008,272.0,1,4.90527477843843,426000
5,1367,1,861,1,1900,1950,0.0,0,4.875197323201151,119000
6,1961,2,804,2,2001,2002,0.0,1,5.262690188904886,215000
5,882,1,0,1,1959,1959,0.0,0,0.0,106500
4,788,0,788,1,1941,1950,0.0,2,0.0,100000
5,1034,1,735,1,1940,1950,0.0,0,3.688879454113936,109000
5,1144,1,1144,1,1956,1956,0.0,0,0.0,129000
5,894,2,894,1,1972,1972,0.0,0,0.0,123000
5,1812,1,864,2,1962,1962,288.0,1,5.1298987149230735,169500
5,1077,1,961,1,1920,1950,0.0,0,0.0,67000
7,1550,2,1092,2,2006,2007,100.0,0,5.1298987149230735,241000
8,1288,2,1260,1,1996,1996,0.0,2,3.4339872044851463,245500
7,1310,2,1310,2,2005,2005,0.0,1,0.0,164990
5,672,1,672,1,1940,1997,0.0,0,0.0,108000
8,2263,2,1141,2,1998,1998,650.0,1,4.820281565605037,258000
6,1572,2,806,2,1995,1996,0.0,1,3.713572066704308,168000
4,1620,2,1281,2,1976,1993,0.0,1,4.3694478524670215,150000
6,1639,1,1064,1,1936,1950,0.0,0,0.0,115000
6,1680,1,840,2,1915,1976,0.0,0,0.0,177000
7,2172,3,1063,2,2006,2006,350.0,1,4.143134726391533,280000
8,2078,3,1034,2,2007,2008,100.0,1,4.634728988229636,339750
5,1276,1,1276,1,1958,1958,0.0,0,0.0,60000
5,1056,2,1056,1,1955,1955,0.0,0,0.0,145000
7,1478,2,1470,2,2009,2009,432.0,1,4.976733742420574,222000
5,1028,2,1008,1,1927,1950,0.0,1,0.0,115000
7,2097,3,1080,2,1993,1993,0.0,1,5.236441962829949,228000
7,1340,2,1340,2,2007,2007,0.0,0,3.4339872044851463,181134
6,1400,2,672,1,1978,1978,203.0,1,0.0,149500
6,2624,3,1370,2,1918,1950,0.0,1,0.0,239000
5,1134,1,756,1,1940,1950,0.0,0,0.0,126000
5,1056,1,1056,1,1968,1968,0.0,1,4.454347296253507,142000
7,1344,4,1344,2,1997,1998,200.0,0,0.0,206300
6,1602,2,1602,2,1977,2000,126.0,1,0.0,215000
5,988,2,988,1,1954,1954,0.0,0,0.0,113000
8,2630,3,1470,2,1998,1998,473.0,1,4.204692619390966,315000
6,1196,1,1196,1,1956,1956,74.0,1,3.80666248977032,139000
7,1389,1,651,1,1946,1992,0.0,2,0.0,135000
7,1644,2,1518,2,1989,1989,145.0,1,0.0,275000
4,907,1,907,1,1957,1957,0.0,0,0.0,109008
7,1208,2,1208,2,2007,2007,108.0,0,4.007333185232471,195400
6,1412,2,1392,2,1988,1988,0.0,1,0.0,175000
6,987,1,483,1,1971,1971,232.0,0,0.0,85400
6,1198,0,901,1,1920,1998,0.0,0,4.59511985013459,79900
5,1365,2,765,1,1971,1971,376.0,0,3.610917912644224,122500
6,1604,2,926,2,1997,1998,0.0,1,3.610917912644224,181000
4,630,0,630,1,1972,1972,0.0,0,0.0,81000
7,1661,2,799,2,1996,1996,0.0,1,4.127134385045092,212000
6,1118,2,648,1,1920,1950,0.0,0,0.0,116000
6,904,1,884,1,1926,2004,0.0,0,0.0,119000
5,694,1,440,1,1913,2002,0.0,1,0.0,90350
6,1196,2,684,1,1920,2000,0.0,0,3.8501476017100575,110000
10,2402,3,3094,2,2008,2008,200.0,2,4.290459441148391,555000
4,1440,0,1440,2,1955,1955,270.0,0,0.0,118000
5,1573,2,1078,2,1930,1992,0.0,1,0.0,162900
7,1258,3,1258,2,2006,2007,72.0,1,2.833213344056216,172500
7,1908,2,915,2,1994,1995,0.0,1,4.897839799950911,210000
6,1689,2,1436,1,1956,1956,0.0,1,0.0,127500
6,1888,2,1517,2,1966,2002,0.0,1,0.0,190000
7,1886,2,930,2,1998,1999,0.0,1,0.0,199900
6,1376,1,780,2,1937,1950,0.0,1,0.0,119500
3,1183,1,649,1,1948,2002,0.0,0,5.176149732573829,120000
6,813,1,813,1,1930,2005,0.0,0,4.736198448394496,110000
7,1533,2,1533,2,1975,1975,0.0,2,4.007333185232471,280000
6,1756,2,872,2,1996,1997,42.0,0,4.812184355372417,204000
8,1590,2,768,2,2008,2008,0.0,0,3.4339872044851463,210000
5,1728,2,1728,2,1976,1976,0.0,0,0.0,188000
7,1242,2,1242,1,1973,1973,320.0,1,0.0,175500
5,1344,3,624,1,1916,1950,0.0,0,0.0,98000
4,1663,2,1364,1,1954,1994,0.0,2,4.927253685157205,256000
8,1666,1,588,1,1925,1996,0.0,1,4.158883083359672,161000
5,1203,1,709,1,1950,1950,161.0,1,0.0,110000
8,1935,2,832,2,2009,2009,110.0,0,5.017279836814924,263435
7,1135,2,560,1,1936,2007,0.0,0,0.0,155000
5,864,1,864,1,1965,1965,0.0,1,0.0,62383
6,1660,1,715,1,1934,1995,0.0,1,0.0,188700
5,1040,0,1040,2,1978,1978,136.0,0,0.0,124000
7,1414,2,1375,2,2004,2004,18.0,1,3.044522437723423,178740
7,1277,2,1277,1,1970,1970,0.0,1,0.0,167000
5,1644,1,728,1,1942,1995,224.0,2,0.0,146500
8,1634,3,1626,2,2006,2006,248.0,1,3.80666248977032,250000
6,1710,2,832,2,1993,1993,120.0,0,4.262679877041316,187000
8,1502,2,1488,1,1985,1985,0.0,0,4.007333185232471,212000
7,1969,2,808,2,1977,1977,0.0,1,0.0,190000
6,1072,2,547,1,2005,2005,80.0,0,3.367295829986474,148000
8,1976,3,1976,2,2006,2007,304.0,1,4.158883083359672,440000
8,1652,2,1494,2,2000,2000,0.0,0,3.8918202981106265,251000
5,970,2,970,1,1963,1963,0.0,0,3.218875824868201,132500
6,1493,2,1478,2,1997,1998,215.0,1,3.688879454113936,208900
9,2643,3,2153,2,2006,2006,772.0,1,4.442651256490317,380000
8,1718,3,1705,2,2007,2008,336.0,1,3.80666248977032,297000
4,1131,2,907,1,1937,2000,435.0,0,4.290459441148391,89471
9,1850,3,1833,2,2004,2005,378.0,1,4.727387818712341,326000
9,1792,3,1792,2,2003,2004,562.0,1,3.912023005428146,374000
7,1826,1,910,1,1915,2005,0.0,1,0.0,155000
6,1216,2,1216,2,1998,1998,116.0,0,4.836281906951478,164000
5,999,1,999,1,1962,2001,0.0,0,4.890349128221754,132500
5,1113,1,1113,1,1950,2007,0.0,1,4.394449154672439,147000
5,1073,2,1073,1,1965,1965,168.0,0,0.0,156000
5,1484,2,1484,2,1971,1971,0.0,1,0.0,175000
5,2414,2,954,2,1900,1970,0.0,1,0.0,160000
4,630,1,630,1,1970,2002,0.0,0,0.0,86000
5,1304,1,264,1,1976,1976,0.0,1,3.218875824868201,115000
6,1578,1,806,1,1941,1950,0.0,2,0.0,133000
6,1456,2,728,2,2006,2006,0.0,0,0.0,172785
5,1269,1,1269,1,1960,1960,0.0,1,0.0,155000
5,886,1,190,1,1938,1996,0.0,0,3.044522437723423,91300
4,720,0,720,1,1920,1950,0.0,0,6.261491684321042,34900
8,3228,2,3200,3,1992,1993,0.0,1,4.330733340286331,430000
7,1820,1,1026,2,1925,1950,0.0,0,4.61512051684126,184000
5,899,1,864,1,1967,2004,89.0,0,0.0,130000
5,912,1,912,1,1958,1985,0.0,0,5.655991810819852,120000
6,1218,1,672,1,1973,1973,285.0,0,3.367295829986474,113000
7,1768,2,866,2,2005,2005,0.0,0,4.691347882229144,226700
5,1214,2,1214,1,1965,1965,0.0,0,0.0,140000
7,1801,2,1501,2,1959,1997,0.0,2,4.007333185232471,289000
6,1322,2,855,2,1974,1974,0.0,1,0.0,147000
5,1960,2,960,2,1952,1952,360.0,0,0.0,124500
8,1911,2,777,2,1993,1994,125.0,1,4.406719247264253,215000
6,1218,2,1218,2,2009,2009,0.0,0,4.634728988229636,208300
7,1378,2,689,2,1928,2005,0.0,1,0.0,161000
5,1041,1,1041,1,1959,1959,132.0,0,4.48863636973214,124500
5,1363,1,1008,1,1951,2000,70.0,2,3.7612001156935615,164900
7,1368,2,1368,2,2005,2006,94.0,1,3.58351893845611,202665
5,864,2,864,1,1958,1958,0.0,0,0.0,129900
6,1080,2,1084,1,1983,1983,0.0,0,0.0,134000
5,789,1,768,1,1926,1950,0.0,0,0.0,96500
10,2020,3,2006,2,2009,2009,305.0,1,4.007333185232471,402861
6,2119,2,689,2,1972,1972,333.0,1,4.653960350157523,158000
7,2344,3,1264,2,1996,1997,921.0,1,0.0,265000
6,1796,2,794,2,1998,1998,0.0,0,3.610917912644224,211000
7,2080,1,1276,1,1926,2004,0.0,2,0.0,234000
4,1294,0,0,2,1900,2000,0.0,0,4.74493212836325,106250
6,1244,1,1244,1,1957,1957,0.0,2,3.713572066704308,150000
6,1664,2,1004,2,1947,1950,0.0,2,3.218875824868201,159000
10,4676,3,3138,3,2007,2008,762.0,1,6.008813185442595,184750
7,2398,3,1379,2,1996,1997,594.0,1,4.110873864173311,315750
7,1266,2,1257,2,2005,2005,0.0,1,4.976733742420574,176000
5,928,1,928,1,1956,2000,0.0,0,0.0,132000
9,2713,3,1452,2,2008,2008,268.0,1,4.204692619390966,446261
4,605,0,528,1,1920,2002,0.0,0,0.0,86000
6,2515,2,2035,3,1957,1975,0.0,2,0.0,200624
6,1509,2,1461,2,1988,1989,219.0,1,0.0,175000
6,1362,2,611,2,1920,1999,0.0,0,0.0,128000
5,827,1,0,1,1955,2007,0.0,1,0.0,107500
1,334,0,0,1,1946,1950,0.0,0,0.0,39300
8,1414,2,707,2,2004,2004,0.0,1,3.58351893845611,178000
5,1347,0,1117,1,1910,1991,0.0,0,0.0,107500
7,1724,2,880,2,1998,1999,0.0,0,5.049856007249537,188000
4,864,2,864,1,1972,1972,0.0,0,0.0,111250
5,1159,1,1051,1,1968,1968,188.0,1,0.0,158000
8,1601,2,1581,2,2001,2002,479.0,1,0.0,272000
9,1838,3,1838,2,2006,2006,584.0,1,4.23410650459726,315000
8,2285,3,969,2,2000,2000,72.0,1,4.04305126783455,248000
7,1680,2,1650,2,1998,1999,0.0,1,4.30406509320417,213250
7,767,1,723,1,1998,1998,182.0,0,3.713572066704308,133000
7,1496,2,654,2,2006,2006,0.0,1,3.218875824868201,179665
7,2183,3,1204,2,1988,1988,178.0,0,0.0,229000
6,1635,2,1065,1,1923,1950,0.0,1,3.6635616461296463,210000
5,768,2,768,1,1970,1970,0.0,0,0.0,129500
5,825,2,825,1,1955,1995,0.0,0,3.9318256327243257,125000
7,2094,2,912,2,2003,2004,0.0,1,5.209486152841421,263000
6,1069,2,1069,2,1977,1977,0.0,0,4.02535169073515,140000
5,928,1,928,1,1957,1957,0.0,0,0.0,112500
8,1717,3,1709,2,2006,2006,250.0,1,3.688879454113936,255500
4,1126,2,0,2,1949,2003,0.0,0,4.574710978503383,108000
7,2046,3,998,2,2003,2004,292.0,1,4.143134726391533,284000
5,1048,1,993,1,1922,1950,0.0,1,0.0,113000
5,1092,1,1092,1,1957,1957,0.0,1,0.0,141000
4,1336,1,637,1,1920,1950,0.0,0,3.871201010907891,108000
7,1446,2,729,2,1996,1997,0.0,1,3.1354942159291497,175000
7,1557,2,1374,2,2003,2004,18.0,1,3.044522437723423,234000
5,1392,2,1392,1,1957,1996,180.0,1,0.0,121500
5,1389,2,1389,1,1974,1975,0.0,1,3.6635616461296463,170000
5,996,0,996,1,1940,1969,0.0,1,0.0,108000
6,1674,2,1163,2,1918,1950,0.0,1,3.610917912644224,185000
7,2295,2,1095,2,1992,2000,0.0,1,3.713572066704308,268000
6,1647,1,806,1,1915,1950,0.0,0,4.204692619390966,128000
9,2504,3,1122,2,2005,2007,245.0,1,3.688879454113936,325000
7,1535,2,1517,2,2004,2004,168.0,0,0.0,214000
8,2132,2,1496,1,1983,2009,0.0,1,3.713572066704308,316600
5,943,2,943,1,1979,1979,0.0,2,0.0,135960
5,1728,2,1728,2,1965,1965,108.0,0,0.0,142600
6,864,1,864,1,1959,1959,207.0,0,0.0,120000
7,1692,2,846,2,2009,2009,0.0,0,4.74493212836325,224500
7,1430,2,384,2,2000,2000,0.0,1,0.0,170000
5,1109,1,372,1,1971,2005,82.0,0,0.0,139000
5,1216,1,832,1,1947,1950,0.0,0,0.0,118500
7,1477,1,861,2,1928,1950,0.0,1,3.9318256327243257,145000
5,1320,2,1164,1,1966,1966,97.0,2,4.23410650459726,164500
7,1392,2,689,2,2007,2007,0.0,0,4.634728988229636,146000
5,1795,1,1050,2,1954,1954,335.0,0,0.0,131500
6,1429,2,1144,1,1960,1987,85.0,2,4.709530201312334,181900
8,2042,3,2042,2,2008,2009,306.0,1,4.51085950651685,253293
6,816,0,816,1,1990,1990,104.0,0,3.49650756146648,118500
10,2775,2,1237,3,1893,2000,0.0,1,6.220590170099739,325000
4,1573,1,884,1,1935,1995,0.0,0,0.0,133000
8,2028,3,1868,2,2005,2006,208.0,2,4.204692619390966,369900
6,838,1,816,1,1918,2000,0.0,0,0.0,130000
5,860,2,840,1,1982,1982,0.0,0,0.0,137000
5,1473,1,1437,1,1968,2003,0.0,2,3.8918202981106265,143000
5,935,1,742,1,1930,1960,0.0,0,0.0,79500
7,1582,2,770,2,2004,2004,0.0,0,3.828641396489095,185900
10,2296,3,1722,2,2008,2008,420.0,1,5.616771097666572,451950
5,816,2,816,1,1982,2003,0.0,0,0.0,138000
6,848,2,848,1,2003,2003,170.0,0,0.0,140000
5,924,1,924,1,1975,1975,0.0,0,0.0,110000
8,1826,3,1814,2,2005,2006,238.0,1,4.330733340286331,319000
6,1368,1,684,1,1910,1993,0.0,0,5.068904202220232,114504
7,1402,3,1258,0,2006,2007,72.0,1,2.833213344056216,194201
5,1647,2,1430,2,1977,1977,459.0,1,0.0,217500
6,1556,2,716,2,1980,1980,0.0,1,0.0,151000
8,1904,2,1058,2,2005,2005,280.0,1,4.110873864173311,275000
6,1375,1,780,1,1937,1950,0.0,1,5.093750200806762,141000
8,1915,2,908,2,1992,1992,0.0,1,5.017279836814924,220000
7,1200,2,600,2,2004,2005,0.0,0,5.153291594497779,151000
7,1494,2,1494,2,2002,2002,99.0,1,3.610917912644224,221000
7,1986,2,768,2,1965,1990,176.0,3,3.7612001156935615,205000
5,1040,2,1040,1,1996,1996,0.0,0,0.0,152000
5,2008,1,896,3,1948,2002,0.0,0,0.0,225000
8,3194,2,965,2,1934,1998,0.0,2,0.0,359100
4,1029,1,1029,1,1961,1961,192.0,0,0.0,118500
9,2153,3,1440,2,2000,2000,204.0,2,4.962844630259907,313000
6,1032,2,1032,2,1978,1978,233.0,1,0.0,148000
8,1872,2,1299,2,2001,2001,108.0,1,4.812184355372417,261500
5,1120,0,1120,1,2007,2007,0.0,0,3.4339872044851463,147000
4,630,0,630,1,1972,1972,0.0,0,3.218875824868201,75500
6,1054,2,936,1,1963,1963,156.0,0,0.0,137500
6,1509,2,783,2,2002,2003,0.0,1,4.330733340286331,183200
6,832,2,832,1,1954,1954,0.0,0,0.0,105500
9,1828,3,1822,2,2007,2007,452.0,1,4.691347882229144,314813
8,2262,3,1482,2,2003,2003,226.0,2,0.0,305000
3,864,0,864,1,1914,1950,0.0,0,0.0,67000
6,2614,2,1522,2,1974,1997,0.0,1,5.497168225293202,240000
5,980,2,980,1,1977,1977,153.0,0,0.0,135000
6,1512,2,756,2,2000,2000,513.0,1,3.49650756146648,168500
6,1790,2,732,1,1972,1972,288.0,1,0.0,165150
6,1116,2,1116,1,1962,1962,261.0,0,0.0,160000
5,1422,1,978,1,1960,1978,0.0,1,0.0,139900
6,1520,1,1156,1,1955,1972,164.0,2,0.0,153000
5,2080,2,1040,1,1969,1969,192.0,2,0.0,135000
6,1350,2,1248,1,1964,1964,259.0,0,0.0,168500
5,1750,1,636,1,1880,1991,0.0,0,0.0,124000
8,1554,2,1554,2,2006,2006,108.0,1,4.30406509320417,209500
7,1411,2,1386,2,1977,1977,209.0,1,0.0,82500
5,1056,1,1056,1,1954,2005,0.0,0,0.0,139400
6,1056,2,1056,0,1980,1980,0.0,0,4.04305126783455,144000
6,3395,0,1440,2,1914,1995,0.0,0,4.709530201312334,200000
2,800,0,264,1,1936,1950,0.0,1,0.0,60000
5,1387,1,811,2,1954,1954,0.0,0,0.0,93000
5,796,0,796,1,1910,1950,0.0,0,0.0,85000
8,1567,3,1520,2,2006,2006,0.0,1,0.0,264561
8,1518,2,1518,1,2003,2004,472.0,1,4.948759890378168,274000
7,1929,2,1057,2,2001,2001,0.0,1,5.4638318050256105,226000
8,2704,2,1952,2,1972,1995,0.0,3,4.718498871295094,345000
5,1620,2,780,2,1969,1969,263.0,0,0.0,152000
9,1766,3,1766,2,2009,2009,162.0,1,4.875197323201151,370878
6,981,2,981,1,1971,1971,0.0,0,5.746203190540153,143250
5,1048,2,0,1,1950,1950,0.0,0,3.332204510175204,98300
6,1094,2,1094,1,1953,1953,216.0,2,0.0,155000
6,1839,2,756,1,1966,1966,351.0,1,4.8283137373023015,155000
4,630,0,630,1,1970,1970,0.0,0,0.0,84500
7,1665,2,813,2,2007,2007,0.0,0,0.0,205950
4,1510,1,755,1,1940,1950,0.0,1,0.0,108000
7,1716,2,880,2,1996,1996,0.0,1,4.795790545596741,191000
6,1469,1,756,1,1906,1995,0.0,0,0.0,135000
8,2113,3,2109,2,1995,1995,660.0,1,3.8501476017100575,350000
6,1092,1,525,1,1971,1971,381.0,0,0.0,88000
5,1053,1,1053,1,1959,2006,54.0,0,0.0,145500
7,1502,1,776,1,1931,2000,0.0,1,0.0,149000
6,1458,1,912,1,1948,1950,0.0,1,0.0,97500
5,1486,2,1486,1,1964,1999,0.0,0,0.0,167000
7,1935,2,793,2,1976,1976,233.0,1,4.736198448394496,197900
8,2448,3,1629,2,1994,2005,528.0,1,4.343805421853684,402000
6,1392,2,1392,1,1968,1968,216.0,2,0.0,110000
4,1181,2,1138,2,1972,1972,0.0,0,0.0,137500
8,2097,3,2077,1,2005,2006,0.0,1,5.5909869805108565,423000
8,1936,2,1406,2,2000,2000,40.0,1,4.8283137373023015,230500
6,2380,2,1021,2,1965,1979,113.0,1,5.583496308781699,129000
6,1679,2,1408,2,1994,1998,258.0,1,3.7612001156935615,193500
5,1437,2,1188,1,1956,1987,0.0,1,0.0,168000
4,1180,1,700,1,1922,1950,0.0,1,0.0,137500
6,1476,2,738,2,2005,2005,0.0,0,3.58351893845611,173500
6,1369,1,672,2,1925,1950,0.0,0,0.0,103600
6,1208,2,1208,1,1977,1977,0.0,1,3.7612001156935615,165000
6,1839,2,1477,2,1957,2004,106.0,2,4.477336814478207,257500
6,1136,1,1136,1,1965,1965,0.0,1,0.0,140000
6,1441,2,855,2,1978,1978,0.0,1,0.0,148500
4,1774,3,1095,2,1900,1950,0.0,0,0.0,87000
5,792,1,768,1,1924,2006,0.0,0,0.0,109500
8,2046,3,2046,2,2008,2008,464.0,1,4.418840607796598,372500
5,988,2,988,1,1961,1961,57.0,0,0.0,128500
6,923,1,923,2,1980,1980,0.0,1,0.0,143000
5,1520,1,793,1,1932,2000,0.0,0,0.0,159434
6,1291,2,1291,1,1996,1997,0.0,1,0.0,173000
9,1668,3,1626,2,2002,2002,215.0,1,3.828641396489095,285000
7,1839,2,1195,2,1998,1998,30.0,0,4.406719247264253,221000
7,2090,2,1190,2,1984,1984,0.0,1,0.0,207500
7,1761,2,874,3,2007,2007,0.0,0,4.663439094112067,227875
7,1102,2,551,2,2004,2004,0.0,0,4.110873864173311,148800
8,1419,2,1419,2,2007,2007,0.0,1,0.0,392000
6,1362,2,1362,2,2005,2006,256.0,1,3.367295829986474,194700
6,848,2,848,1,2004,2004,147.0,1,0.0,141000
10,4316,3,2444,3,1994,1995,1170.0,2,3.9318256327243257,755000
7,2519,2,1210,2,1989,1990,293.0,2,3.332204510175204,335000
5,1073,1,1073,1,1921,1968,0.0,0,0.0,108480
5,1539,2,927,1,1936,1950,0.0,0,0.0,141500
6,1137,2,1112,2,1987,1987,72.0,1,0.0,176000
5,616,1,616,1,1921,1950,0.0,0,0.0,89000
5,1148,1,980,1,1952,1952,0.0,0,0.0,123500
5,894,1,894,1,1965,2009,0.0,1,4.976733742420574,138500
7,1391,2,1391,2,2004,2004,0.0,0,5.068904202220232,196000
8,1800,3,1800,2,2002,2002,630.0,1,4.3694478524670215,312500
7,1164,2,1164,1,1969,1969,168.0,0,0.0,140000
8,2576,3,1234,2,2006,2006,466.0,1,4.61512051684126,361919
5,1812,2,360,2,1900,1996,0.0,1,0.0,140000
7,1484,2,1473,2,2004,2005,109.0,0,3.58351893845611,213000
4,1092,0,0,2,1930,1950,0.0,0,0.0,55000
7,1824,2,1643,2,1971,2002,351.0,2,3.8918202981106265,302000
8,1324,2,1324,2,2006,2006,176.0,1,3.6635616461296463,254000
7,1456,2,728,2,2007,2007,0.0,1,3.218875824868201,179540
5,904,1,876,1,1966,1966,41.0,0,0.0,109900
3,729,0,270,1,1935,2003,0.0,0,0.0,52000
4,1178,1,859,1,1900,1950,0.0,0,0.0,102776
8,1228,2,1228,2,1988,1989,0.0,1,4.795790545596741,189000
4,960,2,960,1,1970,1970,160.0,0,5.666426688112432,129000
6,1479,2,725,2,1976,2005,289.0,0,3.80666248977032,130500
6,1350,2,1064,2,1974,1974,174.0,1,0.0,165000
7,2554,2,718,1,1890,1998,0.0,0,3.8918202981106265,159500
5,1178,2,1176,1,1973,2000,0.0,1,0.0,157000
7,2418,3,1311,2,1993,1994,651.0,1,5.043425116919247,341000
5,971,1,971,1,1969,1969,0.0,1,0.0,128500
8,1742,2,1742,2,1985,1985,0.0,1,3.367295829986474,275000
6,848,2,848,1,2004,2004,169.0,0,0.0,143000
4,864,2,864,1,1970,1970,0.0,0,0.0,124500
4,1470,1,941,2,1954,1972,0.0,0,0.0,135000
9,1698,3,1698,2,2007,2008,340.0,1,4.174387269895637,320000
4,864,2,864,1,1970,1970,0.0,0,0.0,120500
6,1680,2,880,2,1988,2007,260.0,1,3.80666248977032,222000
7,1232,2,1232,2,2007,2007,82.0,0,0.0,194500
5,1776,3,1584,2,1958,1958,95.0,0,3.258096538021482,110000
4,1208,2,780,1,1925,1950,0.0,0,3.1780538303479458,103000
8,1616,2,1595,2,1995,1996,0.0,1,5.030437921392435,236500
7,1146,2,868,2,2003,2003,442.0,1,3.1354942159291497,187500
7,2031,2,1153,2,1998,1999,202.0,1,4.442651256490317,222500
5,1144,1,864,1,1961,1983,0.0,1,0.0,131400
5,948,1,948,1,1968,1968,0.0,0,0.0,108000
7,1768,2,880,1,1914,1970,0.0,2,5.834810737062605,163000
3,1040,2,0,2,1950,1950,0.0,0,0.0,93500
8,1801,3,893,2,2005,2005,0.0,1,4.762173934797756,239900
5,1200,0,1200,3,1987,1988,0.0,0,0.0,179000
7,1728,2,864,2,2004,2004,0.0,0,4.04305126783455,190000
5,1432,2,264,2,1910,2002,0.0,0,0.0,132000
6,912,1,912,1,1961,1996,0.0,0,0.0,142000
7,1349,2,1349,2,2000,2001,108.0,0,4.02535169073515,179000
5,1464,2,520,2,1963,1999,0.0,1,0.0,175000
8,1337,2,1337,2,1993,1993,0.0,1,0.0,180000
8,2715,2,1142,3,1976,1996,289.0,2,5.3230099791384085,299800
7,2256,2,952,2,2000,2000,0.0,1,4.007333185232471,236000
7,2640,4,1240,1,1880,2003,0.0,1,0.0,265979
7,1720,2,1720,2,1996,1996,338.0,1,4.04305126783455,260400
4,1529,1,0,2,1945,1950,0.0,0,0.0,98000
4,1140,0,576,1,1910,2004,0.0,0,5.081404364984463,96500
7,1320,2,660,2,2003,2003,0.0,0,3.8918202981106265,162000
6,1494,2,1479,2,1997,1997,0.0,0,3.332204510175204,217000
8,2098,3,1030,2,2005,2005,178.0,1,3.970291913552122,275500
6,1026,2,1026,1,1969,2005,0.0,0,3.8918202981106265,156000
6,1471,2,729,2,1999,1999,894.0,0,3.218875824868201,172500
8,1768,2,866,2,2007,2007,0.0,0,4.663439094112067,212000
6,1386,2,672,2,1978,1978,328.0,1,0.0,158900
7,1501,2,744,2,1999,1999,360.0,0,0.0,179400
8,2531,3,1318,2,1995,1995,513.0,1,4.59511985013459,290000
6,864,1,864,1,1959,1959,0.0,0,0.0,127500
5,1301,2,1145,1,1924,1950,0.0,0,0.0,100000
7,1547,2,756,2,2009,2009,0.0,0,3.828641396489095,215200
8,2365,3,1252,2,1999,1999,673.0,1,4.859812404361672,337000
8,1494,2,1494,1,1995,1996,0.0,1,3.4339872044851463,270000
9,1506,2,1498,2,2008,2008,284.0,1,5.1647859739235145,264132
7,1714,2,980,2,1988,1988,42.0,1,4.204692619390966,196500
6,1750,1,983,2,1940,1985,0.0,0,0.0,160000
7,1836,2,1860,2,2004,2005,0.0,1,3.5263605246161616,216837
8,3279,3,1650,3,2003,2003,603.0,1,3.610917912644224,538000
5,858,2,858,1,1982,1982,0.0,0,0.0,134900
4,1220,2,836,1,1951,1951,0.0,0,0.0,102000
6,1117,2,1029,1,1976,1976,0.0,1,0.0,107000
5,912,1,912,1,1958,1958,1.0,0,0.0,114500
8,1973,3,1935,2,2006,2006,375.0,1,3.828641396489095,395000
6,1204,2,1204,2,1998,1998,320.0,0,5.513428746164983,162000
7,1614,3,1614,2,2005,2006,240.0,0,4.0943445622221,221500
5,894,2,864,1,1974,1974,0.0,1,0.0,142500
5,2020,2,0,2,1977,1977,320.0,2,0.0,144000
6,1004,2,975,1,1977,1977,90.0,0,0.0,135000
7,1253,2,1237,2,1995,1996,38.0,1,3.091042453358316,176000
6,1603,2,761,2,1992,1992,0.0,0,4.8283137373023015,175900
7,1430,2,1413,2,2001,2002,0.0,0,3.5263605246161616,187100
5,1110,2,1097,1,1978,1978,104.0,1,3.4339872044851463,165500
6,1484,0,742,2,1914,2001,0.0,1,5.676753802268282,128000
6,1342,2,1372,2,1967,1967,0.0,1,0.0,161500
5,1652,1,686,2,1915,1950,0.0,0,0.0,139000
7,2084,2,956,2,2004,2004,0.0,0,3.828641396489095,233000
4,901,1,901,1,1954,2000,0.0,0,0.0,107900
6,2087,2,832,2,1966,2007,157.0,0,5.1298987149230735,187500
7,1145,2,1145,2,2005,2006,11.0,1,2.833213344056216,160200
6,1062,2,1029,1,1976,1976,0.0,2,0.0,146800
7,2013,2,1117,2,1996,1997,0.0,1,4.875197323201151,269790
8,1496,2,1496,2,2007,2007,140.0,0,4.875197323201151,225000
7,1895,2,712,2,1994,1996,0.0,1,3.8501476017100575,194500
6,1564,2,650,2,1980,1981,130.0,1,3.9318256327243257,171000
6,1285,2,660,1,1977,1977,148.0,1,0.0,143500
5,773,1,773,1,1953,1953,0.0,0,0.0,110000
9,3140,3,1926,3,2008,2009,860.0,2,4.3694478524670215,485000
5,1768,1,731,1,1937,1950,252.0,2,0.0,175000
6,1688,2,616,2,1997,1997,0.0,0,4.74493212836325,200000
4,1196,2,1196,1,1916,1990,0.0,0,0.0,109900
7,1456,2,728,2,2005,2005,0.0,1,2.9444389791664403,189000
9,2822,3,1734,3,2008,2009,424.0,1,5.14166355650266,582933
5,1128,1,936,1,1954,1954,0.0,0,0.0,118000
7,1428,2,1417,2,2008,2008,256.0,0,4.110873864173311,227680
5,980,1,980,2,1967,1967,0.0,0,0.0,135500
5,1576,2,1324,1,1923,2004,0.0,1,5.746203190540153,223500
5,1086,2,1024,1,1966,1966,1047.0,1,0.0,159950
5,2138,2,849,2,1898,1965,0.0,0,5.056245805348308,106000
6,1309,2,1040,1,1974,1999,99.0,1,0.0,181000
6,848,2,848,1,2004,2004,169.0,1,0.0,144500
5,1044,2,540,1,1952,1952,0.0,0,0.0,55993
6,1442,1,1442,1,1958,1958,243.0,0,0.0,157900
5,1250,1,686,1,1918,1950,0.0,0,0.0,116000
7,1661,2,1649,2,1998,1998,442.0,0,3.555348061489413,224900
5,1008,1,1008,1,1954,1954,0.0,1,0.0,137000
8,1689,3,1568,2,2002,2002,148.0,2,4.0943445622221,271000
6,1052,2,1010,1,1971,1971,80.0,0,0.0,155000
7,1358,2,1358,2,2009,2010,128.0,1,3.58351893845611,224000
7,1640,2,798,2,2003,2003,0.0,0,3.828641396489095,183000
4,936,2,936,1,1953,1953,0.0,0,3.49650756146648,93000
7,1733,2,847,2,2003,2003,0.0,1,3.8918202981106265,225000
6,1489,1,778,2,1940,1950,0.0,1,0.0,139500
8,1489,2,1489,2,2006,2006,0.0,1,4.948759890378168,232600
10,2084,3,2078,2,2007,2008,816.0,1,3.828641396489095,385000
5,784,0,784,1,1924,1950,0.0,0,0.0,109500
7,1434,2,1454,2,2001,2001,0.0,1,3.688879454113936,189000
5,2126,2,1013,2,1967,1967,0.0,0,0.0,185000
7,1223,2,600,2,2005,2005,0.0,0,5.117993812416755,147400
6,1392,2,1392,1,1957,1957,387.0,2,0.0,166000
7,1200,2,600,2,2005,2005,0.0,0,5.117993812416755,151000
7,1829,2,941,2,2003,2003,223.0,1,3.688879454113936,237000
6,1516,2,1516,1,1964,1964,180.0,0,0.0,167000
5,1144,2,1144,1,1961,1961,136.0,0,0.0,139950
4,1067,2,1067,2,1950,1995,0.0,0,0.0,128000
5,1559,2,1559,1,1948,1973,0.0,0,4.762173934797756,153500
6,987,1,483,1,1973,1973,158.0,0,0.0,100000
5,1099,1,1099,1,1995,2006,0.0,0,0.0,144000
5,1200,1,768,1,1946,1995,0.0,0,0.0,130500
6,1482,1,672,2,1925,1950,0.0,0,0.0,140000
5,1539,2,650,2,1904,2002,0.0,1,4.3694478524670215,157500
6,1165,2,1127,1,1966,1966,183.0,0,4.867534450455582,174900
5,1800,0,1800,2,1961,1961,0.0,0,0.0,141000
5,1416,3,876,1,1915,1950,0.0,1,0.0,153900
5,1701,2,1390,2,1975,1981,0.0,2,0.0,171000
7,1775,2,740,2,1993,1993,137.0,1,4.290459441148391,213000
5,864,1,864,1,1972,1972,0.0,1,0.0,133500
6,2358,2,907,3,1908,1997,0.0,1,3.713572066704308,240000
6,1855,2,528,2,1976,1994,360.0,1,4.61512051684126,187000
6,848,2,848,1,2003,2003,170.0,0,0.0,131500
8,1456,2,1273,2,2003,2003,40.0,1,3.044522437723423,215000
7,1646,1,918,2,1941,1950,0.0,2,0.0,164000
6,1445,2,1127,1,1964,1964,115.0,1,0.0,158000
5,1779,2,1763,1,1955,1974,0.0,1,6.037870919922137,170000
5,1040,1,1040,1,1962,2010,0.0,0,4.653960350157523,127000
6,1026,2,940,1,1978,1978,0.0,0,0.0,147000
6,1481,2,702,2,1994,1995,0.0,1,3.610917912644224,174000
7,1370,2,1090,2,1976,1976,189.0,1,0.0,152000
6,2654,2,1054,2,1968,1984,220.0,1,4.189654742026425,250000
7,1426,1,912,1,1918,1998,0.0,1,5.484796933490655,189950
5,1039,2,1039,1,1965,1965,0.0,0,0.0,131500
6,1097,2,1040,2,1984,1985,0.0,0,0.0,152000
5,1148,1,1148,1,1959,1959,0.0,0,0.0,132500
7,1372,2,1372,2,2007,2008,0.0,0,4.948759890378168,250580
5,1002,2,1002,1,1970,1970,76.0,0,0.0,148500
8,1646,3,1638,2,2006,2007,274.0,1,4.394449154672439,248900
4,1120,2,1040,1,1961,1961,0.0,0,0.0,129000
5,2320,2,0,2,1948,1950,0.0,1,4.976733742420574,169000
7,1949,2,1050,2,1993,1994,246.0,1,4.51085950651685,236000
5,894,1,894,1,1962,1962,0.0,0,0.0,109500
6,1682,2,804,2,1998,1998,116.0,0,4.356708826689592,200500
5,910,2,105,1,1953,1996,0.0,0,0.0,116000
5,1268,1,832,1,1949,1950,0.0,1,3.367295829986474,133000
5,1131,1,676,1,1941,1950,0.0,0,0.0,66500
8,2610,2,1184,2,2007,2007,0.0,1,5.899897353582492,303477
4,1040,2,1064,1,1963,1963,0.0,0,0.0,132250
9,2224,3,1462,2,2004,2005,216.0,1,0.0,350000
5,1155,2,1109,1,1961,1995,0.0,0,0.0,148000
5,864,1,864,1,1978,2005,90.0,0,0.0,136500
5,1090,2,1090,1,2005,2006,0.0,0,3.912023005428146,157000
7,1717,2,1156,2,1990,1991,117.0,1,3.610917912644224,187500
6,1593,2,808,2,1992,1993,0.0,1,3.713572066704308,178000
4,2230,1,795,1,1912,1950,0.0,0,5.241747015059643,118500
5,892,1,892,1,1967,1967,60.0,0,0.0,100000
9,1709,2,1698,2,1999,2000,60.0,1,4.189654742026425,328900
5,1712,2,1626,2,1959,2005,122.0,0,4.007333185232471,145000
5,1393,1,816,1,1955,1955,0.0,0,0.0,135500
8,2217,2,2217,2,1970,1970,0.0,1,5.337538079701318,268000
6,1505,2,1505,1,1953,1953,90.0,1,0.0,149500
5,924,2,672,1,1949,2006,0.0,1,0.0,122900
6,1683,2,918,2,1978,1978,92.0,1,0.0,172500
6,1068,1,1059,1,1963,2003,0.0,0,0.0,154500
5,1383,1,1383,1,1954,1954,0.0,1,4.762173934797756,165000
5,1535,2,0,2,1979,1979,0.0,0,0.0,118858
6,1796,2,780,1,1963,1963,415.0,1,3.9318256327243257,140000
4,951,1,951,1,1936,1950,0.0,0,3.367295829986474,106500
5,2240,2,0,2,1979,1979,0.0,0,0.0,142953
9,2364,3,2330,2,2009,2010,760.0,2,4.219507705176107,611657
5,1236,1,912,1,1961,1994,0.0,1,0.0,135000
4,858,1,858,1,1971,1971,0.0,0,0.0,110000
5,1306,1,992,1,1957,2000,0.0,0,0.0,153000
7,1509,2,783,2,2003,2003,0.0,1,4.330733340286331,180000
7,1670,3,1670,2,2006,2006,27.0,1,4.110873864173311,240000
5,902,1,876,1,1967,1967,75.0,0,0.0,125500
5,1063,1,1056,1,1954,1954,110.0,0,0.0,128000
8,1636,3,1623,2,2006,2006,208.0,1,4.110873864173311,255000
7,2057,1,1017,1,1936,1987,0.0,1,0.0,250000
5,902,2,864,1,1983,1983,0.0,0,0.0,131000
6,1484,2,742,2,2005,2005,0.0,1,3.218875824868201,174000
5,2274,2,1105,2,1960,1960,361.0,0,0.0,154300
5,1268,1,1268,1,1977,1989,0.0,0,0.0,143500
5,1015,1,768,1,1925,1950,0.0,0,0.0,88000
5,2002,3,1001,2,1949,1950,0.0,0,0.0,145000
6,1224,2,612,2,2009,2009,76.0,0,5.459585514144159,173733
4,1092,1,546,1,1970,1970,80.0,0,0.0,75000
2,480,1,480,0,1949,1950,0.0,0,0.0,35311
4,1229,1,1134,1,1956,1956,0.0,0,0.0,135000
7,2127,3,1104,2,1991,1991,0.0,1,5.262690188904886,238000
6,1414,2,1184,1,1958,2002,0.0,1,3.951243718581428,176500
6,1721,2,928,2,1994,1994,105.0,0,4.477336814478207,201000
5,2200,0,1272,2,1900,2003,0.0,0,4.262679877041316,145900
6,1316,2,1316,2,2005,2006,0.0,1,0.0,169990
6,1617,2,1604,2,1993,1994,0.0,1,4.248495242049359,193000
6,1686,2,1686,2,1980,1980,157.0,1,4.882801922586371,207500
5,1126,2,1126,2,1977,1977,0.0,0,0.0,175000
8,2374,3,1181,2,2003,2004,340.0,1,4.61512051684126,285000
7,1978,2,832,2,1968,1968,342.0,1,3.784189633918261,176000
8,1788,2,1753,2,2001,2001,0.0,1,5.0238805208462765,236500
7,2236,2,964,2,1997,1997,285.0,1,0.0,222000
8,1466,3,1466,2,2007,2007,0.0,0,2.9444389791664403,201000
5,925,1,925,1,1965,1965,0.0,0,0.0,117500
9,1905,3,1905,2,2006,2006,302.0,1,5.2574953720277815,320000
7,1500,2,1500,2,2004,2004,210.0,0,3.610917912644224,190000
7,2069,2,585,2,1960,2007,0.0,1,0.0,242000
4,747,2,600,1,1926,1953,108.0,0,0.0,79900
7,1200,2,1176,2,2003,2003,0.0,0,3.737669618283368,184900
7,1971,2,1113,2,2005,2005,0.0,1,3.8918202981106265,253000
7,1962,3,1391,2,2006,2006,0.0,0,4.51085950651685,239799
7,2403,1,1032,2,1940,1950,0.0,2,0.0,244400
6,1728,2,1728,2,1976,1976,0.0,0,0.0,150900
7,2060,2,992,2,1999,1999,298.0,1,0.0,214000
4,1440,0,1440,2,1977,1977,0.0,0,0.0,150000
5,1632,2,1632,2,1967,1967,0.0,0,0.0,143000
6,1344,2,819,1,1958,1958,541.0,1,4.77912349311153,137500
5,1869,2,1088,1,1890,1996,0.0,0,0.0,124900
5,1144,1,1144,1,1959,1959,128.0,1,0.0,143000
8,1629,3,1616,2,2002,2003,236.0,1,5.53338948872752,270000
7,1776,2,936,2,2002,2002,144.0,1,4.574710978503383,192500
6,1381,2,1161,1,1972,2006,0.0,1,0.0,197500
5,864,2,864,1,1950,2002,0.0,0,0.0,129000
5,965,1,828,1,1965,1965,0.0,0,0.0,119900
5,768,1,768,1,1972,2003,0.0,0,0.0,133900
5,1968,2,784,2,1969,1969,232.0,1,5.247024072160486,172000
6,980,0,945,2,1975,1975,250.0,0,0.0,127500
6,1958,2,979,2,1946,1950,423.0,0,0.0,145000
6,1229,2,561,1,1980,1980,0.0,1,0.0,124000
5,1057,2,1057,1,1962,1962,0.0,0,0.0,132000
7,1337,2,1337,2,2003,2003,0.0,0,3.688879454113936,185000
7,1416,2,696,2,1999,1999,0.0,0,3.80666248977032,155000
5,858,0,858,1,1958,2008,0.0,0,0.0,116500
6,2872,2,1330,2,1977,1995,424.0,1,5.645446897643238,272000
6,1548,2,804,2,1976,1976,0.0,1,0.0,155000
9,1800,2,1800,2,2007,2007,0.0,0,4.919980925828125,239000
7,1894,2,817,2,2002,2003,44.0,1,3.713572066704308,214900
6,1484,2,783,2,2005,2007,0.0,1,4.290459441148391,178900
5,1308,1,728,1,1940,1950,0.0,2,4.262679877041316,160000
5,1098,1,1098,1,1955,1955,151.0,0,0.0,135000
3,968,0,600,1,1910,1950,0.0,0,0.0,37900
6,1095,1,588,1,1958,1958,105.0,0,0.0,140000
4,1192,0,720,1,1949,1950,0.0,0,0.0,135000
7,1626,2,764,2,2003,2004,106.0,0,3.332204510175204,173000
6,918,1,918,2,1979,1979,0.0,1,0.0,99500
7,1428,2,1428,2,2007,2008,0.0,0,4.795790545596741,182000
7,2019,2,728,1,1910,1993,0.0,0,4.912654885736052,167500
7,1382,2,673,2,2000,2000,0.0,0,3.9318256327243257,165000
4,869,0,440,1,1923,1958,0.0,0,0.0,85500
7,1241,2,1241,1,2006,2007,0.0,0,4.762173934797756,199900
4,894,2,894,1,1954,1954,0.0,0,0.0,110000
5,1121,2,1121,1,1963,1963,0.0,0,4.394449154672439,139000
7,999,2,944,1,1961,2007,210.0,0,4.343805421853684,178400
8,2612,3,1225,2,1998,1999,975.0,1,0.0,336000
7,1266,2,1266,2,2007,2007,16.0,1,2.833213344056216,159895
8,2290,2,1128,2,2002,2002,0.0,1,0.0,255900
5,1734,2,0,2,1977,1977,0.0,0,0.0,126000
5,1164,1,1164,1,1950,1950,0.0,0,3.8918202981106265,125000
6,1635,1,485,1,1910,2003,0.0,0,0.0,117000
9,1940,3,1930,2,2009,2010,450.0,1,4.564348191467836,395192
6,2030,2,848,2,1976,1976,298.0,1,5.41610040220442,195000
7,1576,2,770,2,2006,2006,0.0,0,3.9318256327243257,197000
8,2392,3,1396,2,1997,1998,423.0,1,4.262679877041316,348000
8,1742,2,916,1,1882,1986,0.0,1,5.135798437050262,168000
6,1851,2,822,2,1964,1993,340.0,1,3.7612001156935615,187000
6,1500,2,750,2,2005,2006,0.0,0,3.58351893845611,173900
10,1718,3,1700,2,2006,2007,230.0,1,3.8918202981106265,337500
4,1230,1,747,1,1946,1950,0.0,0,4.060443010546419,121600
5,1050,1,1050,1,1961,1961,0.0,0,5.768320995793772,136500
6,1442,2,1442,2,1970,1970,571.0,1,0.0,185000
3,1077,1,1007,1,1922,1950,0.0,1,4.61512051684126,91000
7,1208,2,1187,2,2006,2006,24.0,0,4.127134385045092,206000
3,944,2,0,1,1952,1952,0.0,0,0.0,82000
5,691,1,691,1,1920,1950,0.0,0,3.044522437723423,86000
8,1574,3,1574,2,2006,2006,53.0,1,4.653960350157523,232000
5,1680,2,1680,2,1976,1976,164.0,0,0.0,136905
7,1504,2,1346,2,2005,2006,16.0,1,0.0,181000
5,985,1,985,2,1977,1977,220.0,0,0.0,149900
6,1657,2,1657,2,1970,1970,0.0,1,0.0,163500
4,1092,1,546,1,1970,1970,0.0,0,0.0,88000
7,1710,2,1710,2,2004,2005,108.0,1,3.8918202981106265,240000
5,1522,0,1008,2,1926,1950,0.0,0,0.0,102000
5,1271,1,720,2,1948,1950,0.0,1,0.0,135000
5,1664,0,0,2,1965,1965,0.0,0,0.0,100000
6,1502,1,602,1,1923,1996,0.0,2,0.0,165000
5,1022,1,1022,1,1910,2006,0.0,0,3.4339872044851463,85000
6,1082,1,1082,1,1948,1950,206.0,1,4.875197323201151,119200
8,1665,2,810,2,2001,2001,0.0,0,3.828641396489095,227000
7,1504,2,1504,2,1996,1996,196.0,1,4.204692619390966,203000
8,1360,2,1220,1,1984,1984,0.0,1,0.0,187500
7,1472,2,384,2,1991,1992,76.0,1,0.0,160000
7,1506,2,1362,2,2005,2005,145.0,1,3.044522437723423,213490
4,1132,2,1132,1,2005,2005,0.0,0,4.174387269895637,176000
7,1220,2,1199,2,2006,2006,84.0,0,4.007333185232471,194000
5,1248,1,912,1,1930,1950,0.0,0,0.0,87000
7,1504,2,1346,2,2005,2006,14.0,1,3.044522437723423,191000
8,2898,2,1565,2,1976,1976,0.0,1,4.290459441148391,287000
5,882,2,882,1,1972,1972,0.0,0,0.0,112500
5,1264,2,1268,1,1960,1960,324.0,2,0.0,167500
8,1646,3,1638,2,2007,2008,338.0,1,3.80666248977032,293077
5,1376,1,768,1,1941,1950,0.0,1,0.0,105000
6,1218,1,672,1,1972,1972,281.0,0,3.367295829986474,118000
5,1928,0,686,2,1916,1995,0.0,0,0.0,160000
7,3082,2,824,2,1920,1970,0.0,2,4.158883083359672,197000
8,2520,3,1338,2,1993,1993,0.0,1,4.02535169073515,310000
7,1654,3,1654,2,2002,2002,295.0,0,4.919980925828125,230000
5,954,1,920,1,1938,1950,0.0,1,0.0,119750
4,845,1,0,1,1957,1957,0.0,0,0.0,84000
9,1620,3,1620,2,2007,2008,70.0,1,0.0,315500
8,2263,2,1055,2,2001,2002,396.0,1,3.828641396489095,287000
4,1344,0,546,1,1970,2008,0.0,1,0.0,97000
4,630,1,630,1,1970,1970,0.0,0,0.0,80000
5,1803,2,1134,2,1957,2000,67.0,1,0.0,155000
6,1632,2,800,1,1966,2000,252.0,0,3.713572066704308,173000
6,1306,2,1306,2,2005,2005,135.0,1,4.158883083359672,196000
7,2329,2,1475,2,1990,1990,99.0,1,4.804021044733257,262280
8,2524,2,2524,2,1981,1981,0.0,1,4.795790545596741,278000
3,1733,2,0,2,1955,1955,0.0,1,0.0,139600
9,2868,3,1992,3,2005,2006,208.0,1,4.691347882229144,556581
5,990,2,990,1,1994,1995,0.0,0,0.0,145000
5,1771,2,0,1,1960,2006,75.0,1,0.0,115000
4,930,1,0,1,1946,2006,0.0,0,0.0,84900
7,1302,2,1302,2,2007,2007,0.0,0,3.1354942159291497,176485
7,1316,2,1316,2,2007,2007,0.0,1,3.044522437723423,200141
6,1977,2,816,1,1964,1978,272.0,1,3.970291913552122,165000
5,1526,1,1216,1,1957,2002,145.0,1,4.3694478524670215,144500
8,1989,2,1065,2,2002,2002,210.0,1,4.110873864173311,255000
6,1523,2,1193,2,1976,1976,160.0,1,0.0,180000
7,1364,2,1364,2,2005,2005,240.0,1,3.610917912644224,185850
7,1850,2,973,2,1994,1994,0.0,1,4.59511985013459,248000
9,2184,3,1104,2,2008,2008,154.0,1,4.634728988229636,335000
6,1991,2,854,1,1932,1950,480.0,1,0.0,220000
8,1338,2,1338,2,2001,2001,0.0,0,0.0,213500
3,894,3,894,1,1935,1950,0.0,0,3.044522437723423,81000
5,2337,2,662,2,1900,1950,0.0,0,4.060443010546419,90000
6,1103,2,1103,1,1925,1980,0.0,1,4.795790545596741,110500
5,1154,2,1154,1,1966,1966,200.0,1,4.07753744390572,154000
7,2260,2,1306,2,1996,1997,0.0,0,3.80666248977032,328000
6,1571,2,799,2,1993,1994,0.0,1,3.713572066704308,178000
6,1611,2,780,1,1964,1964,360.0,0,4.859812404361672,167900
6,2521,2,942,2,1973,1973,0.0,1,3.044522437723423,151400
5,893,2,845,1,1949,2003,0.0,0,0.0,135000
5,1048,1,1048,1,1956,1956,120.0,0,3.044522437723423,135000
6,1556,2,727,1,1968,1968,0.0,0,0.0,154000
5,1456,1,810,1,1948,1950,0.0,1,0.0,91500
6,1426,2,690,1,1977,1977,140.0,0,0.0,159500
7,1240,3,1240,2,2006,2006,0.0,0,4.543294782270004,194000
7,1740,1,800,1,1940,1984,0.0,2,0.0,219500
5,1466,2,796,2,1936,1989,0.0,1,3.091042453358316,170000
5,1096,1,1096,1,1969,1969,0.0,0,3.49650756146648,138800
6,848,2,848,1,2004,2004,169.0,1,0.0,155900
5,990,1,990,1,1994,1994,0.0,0,4.174387269895637,126000
6,1258,2,1258,2,1971,2004,144.0,0,0.0,145000
5,1040,1,1040,1,1963,1963,0.0,0,0.0,133000
7,1459,2,1459,2,2002,2002,100.0,1,3.688879454113936,192000
6,1251,1,1251,1,1964,1964,425.0,2,4.762173934797756,160000
6,1498,2,691,2,1995,1996,0.0,1,3.80666248977032,187500
6,996,2,936,1,1992,1992,0.0,0,0.0,147000
4,1092,1,546,1,1973,1973,0.0,0,4.574710978503383,83500
8,1953,3,1082,2,2005,2006,0.0,1,3.9318256327243257,252000
7,1709,2,970,2,2004,2004,50.0,0,3.713572066704308,137500
8,1247,2,1247,1,2005,2005,0.0,1,4.442651256490317,197000
3,1040,2,0,2,1950,1950,0.0,0,0.0,92900
7,1252,2,600,2,1999,2000,212.0,0,3.8918202981106265,160000
6,1694,2,1181,2,1925,1950,0.0,1,0.0,136500
5,1200,2,864,1,1965,1998,166.0,0,4.174387269895637,146000
5,936,1,936,1,1956,2000,0.0,0,0.0,129000
6,1314,2,1314,2,2006,2006,0.0,1,3.1354942159291497,176432
6,1355,0,684,1,1914,2006,0.0,0,0.0,127000
8,1088,2,1074,1,1986,1986,0.0,0,4.31748811353631,170000
4,1324,1,672,1,1936,1950,0.0,0,0.0,128000
7,1601,2,1271,2,1978,1978,206.0,1,0.0,157000
2,438,1,290,1,1920,1950,0.0,0,0.0,60000
5,950,1,950,1,1971,1971,0.0,0,0.0,119500
5,1134,1,1010,1,1960,2002,45.0,0,2.833213344056216,135000
6,1194,2,655,1,1959,1959,0.0,1,0.0,159500
5,1302,2,630,2,1970,1970,304.0,0,0.0,106000
8,2622,2,1463,2,1994,1995,362.0,2,3.49650756146648,325000
7,1442,2,910,2,1990,1991,0.0,1,5.501258210544727,179900
7,2021,2,868,2,2006,2006,0.0,1,4.61512051684126,274725
6,1690,2,924,2,2000,2000,0.0,1,3.8918202981106265,181000
8,1836,3,1836,2,2004,2005,42.0,1,5.225746673713202,280000
6,1658,2,773,2,1995,1996,0.0,1,4.442651256490317,188000
7,1964,2,803,2,1976,1976,660.0,1,4.248495242049359,205000
5,816,1,816,1,1957,1957,0.0,0,0.0,129900
5,1008,1,1008,1,1953,2006,0.0,0,2.9444389791664403,134500
5,833,1,833,1,1954,2000,0.0,0,0.0,117000
8,1734,3,1734,2,2007,2007,328.0,1,0.0,318000
8,1419,2,408,2,2002,2002,0.0,1,0.0,184100
5,894,2,894,1,1967,2003,0.0,0,0.0,130000
5,1601,1,533,1,1958,1987,0.0,0,3.555348061489413,140000
5,1040,1,1040,1,1959,1959,0.0,0,0.0,133700
6,1012,1,1012,1,1920,1950,0.0,1,3.1354942159291497,118400
7,1552,3,1552,2,2005,2006,196.0,0,3.044522437723423,212900
4,960,1,672,1,1956,1956,0.0,0,0.0,112000
5,698,0,698,1,1947,2008,0.0,0,5.303304908059076,118000
7,1482,2,384,2,1992,1992,170.0,1,3.258096538021482,163900
4,1005,2,1005,1,1955,1955,0.0,1,0.0,115000
7,1555,3,1373,2,2007,2007,130.0,1,3.044522437723423,174000
7,1530,3,1530,2,2004,2004,0.0,1,3.610917912644224,259000
7,1959,2,847,2,2004,2005,0.0,1,3.8918202981106265,215000
5,936,2,936,1,1980,1980,180.0,0,0.0,140000
4,1981,2,1122,2,1928,1950,0.0,2,3.80666248977032,135000
5,974,0,974,1,1991,1992,0.0,0,3.367295829986474,93500
6,2210,1,1008,2,1880,1950,0.0,0,3.8918202981106265,117500
8,2020,2,1128,2,1995,1995,0.0,1,5.049856007249537,239500
6,1600,2,916,2,1997,1997,0.0,1,3.6635616461296463,169000
6,986,1,960,1,1926,1950,0.0,1,4.859812404361672,102000
6,1252,1,1032,1,1950,1950,0.0,0,0.0,119000
5,1020,0,780,1,1875,1996,0.0,0,0.0,94000
6,1567,2,1567,2,1977,1977,0.0,2,3.49650756146648,196000
5,1167,2,915,1,1920,1950,0.0,1,0.0,144000
5,952,2,952,1,1951,1951,0.0,0,0.0,139000
5,1868,2,780,2,1976,1976,44.0,1,4.574710978503383,197500
8,2828,3,1466,3,2006,2007,340.0,1,4.976733742420574,424870
5,1006,0,1006,1,1959,1959,0.0,0,3.218875824868201,80000
4,924,1,672,1,1941,1950,0.0,0,0.0,80000
5,1576,1,1042,1,1928,1950,0.0,1,0.0,149000
6,1298,2,1298,2,1985,1985,85.0,1,3.295836866004329,180000
7,1564,1,704,1,1941,1950,0.0,1,0.0,174500
7,1111,1,572,1,1926,1950,0.0,1,0.0,116900
7,1482,2,650,1,1920,1988,0.0,0,0.0,143000
6,932,1,932,1,1950,1950,0.0,1,0.0,124000
5,1466,2,1466,1,1959,1959,132.0,2,4.948759890378168,149900
6,1811,2,1073,1,1956,2004,0.0,1,0.0,230000
6,816,1,816,1,1930,2007,0.0,0,0.0,120500
7,1820,2,864,1,1965,1988,288.0,2,4.442651256490317,201800
5,1437,2,1437,2,1976,2004,0.0,1,3.091042453358316,218000
5,1265,2,1219,2,1965,1999,0.0,1,4.532599493153256,179900
7,1314,2,1314,2,2007,2008,166.0,1,4.143134726391533,230000
8,1580,3,1580,2,2007,2008,186.0,0,3.218875824868201,235128
6,1876,2,901,2,1974,1974,270.0,1,4.248495242049359,185000
6,1456,2,855,2,1978,1978,0.0,1,0.0,146000
6,1640,2,1296,1,1954,2006,72.0,1,0.0,224000
5,894,2,894,1,1968,1968,0.0,1,0.0,129000
4,1258,2,1198,0,1969,1969,0.0,0,0.0,108959
5,1432,2,1360,1,1978,1978,0.0,1,5.198497031265826,194000
7,1502,2,1502,2,2009,2009,268.0,0,4.74493212836325,233170
8,1694,3,1694,2,2008,2008,72.0,0,3.5263605246161616,245350
6,1671,2,959,2,2000,2000,0.0,1,3.6635616461296463,173000
6,2108,2,1127,2,1935,1986,0.0,2,0.0,235000
10,3627,3,1930,3,1995,1996,1378.0,1,4.343805421853684,625000
6,1118,1,1096,1,1977,1977,0.0,1,0.0,171000
6,1261,2,1261,1,1958,1958,0.0,1,0.0,163000
7,1250,2,625,2,2006,2007,0.0,0,4.007333185232471,171900
5,3086,0,1598,3,1946,1994,0.0,1,0.0,200500
6,2345,2,952,2,1932,1950,0.0,1,0.0,239000
8,2872,2,1683,2,1992,2000,337.0,1,3.5263605246161616,285000
5,923,1,876,1,1984,1985,0.0,0,0.0,119500
6,1224,1,818,1,1926,2004,0.0,0,0.0,115000
5,1343,1,731,1,1921,1950,0.0,1,0.0,154900
5,1124,0,0,1,1954,1954,0.0,1,3.610917912644224,93000
7,2514,2,1216,2,1990,1991,0.0,0,0.0,250000
8,1652,2,1600,2,2008,2008,186.0,1,3.9889840465642745,392500
10,4476,3,2396,3,1996,1996,0.0,2,4.3694478524670215,745000
5,1130,2,1120,1,1920,1950,0.0,1,0.0,120000
5,1572,3,1572,1,1963,1963,226.0,2,5.575949103146316,186700
5,1221,1,784,1,1924,1950,0.0,0,0.0,104900
3,1699,2,978,2,1900,1970,0.0,0,4.31748811353631,95000
8,1624,3,1624,2,1994,1995,0.0,1,4.74493212836325,262000
7,1660,2,831,2,2002,2002,95.0,0,4.23410650459726,195000
7,1804,2,994,2,1999,1999,0.0,1,4.110873864173311,189000
4,1622,4,1249,1,1961,1975,149.0,1,0.0,168000
8,1441,2,776,2,1999,2000,456.0,0,0.0,174000
5,1472,1,702,1,1925,1994,0.0,0,0.0,125000
6,1224,2,1224,2,1999,1999,425.0,0,5.720311776607412,165000
6,1352,1,663,1,1969,1969,143.0,0,3.610917912644224,158000
6,1456,2,728,2,2005,2005,0.0,0,3.218875824868201,176000
7,1863,3,879,2,2006,2006,0.0,1,2.8903717578961645,219210
7,1690,1,815,1,1916,1950,0.0,1,0.0,144000
7,1212,2,1212,2,2001,2001,0.0,0,0.0,178000
4,1382,2,1051,1,1963,1979,51.0,1,4.418840607796598,148000
4,864,1,864,1,1970,1970,0.0,0,0.0,116050
7,1779,2,866,2,1998,1998,0.0,0,3.610917912644224,197900
5,1348,1,884,1,1925,1997,0.0,1,0.0,117000
7,1630,2,1630,2,2000,2001,171.0,1,5.459585514144159,213000
5,1074,2,1056,1,1975,1975,0.0,0,4.48863636973214,153500
7,2196,3,2158,2,1990,1991,234.0,1,4.262679877041316,271900
4,1056,1,1056,1,1966,1966,0.0,0,3.7612001156935615,107000
6,1700,2,1682,2,2003,2003,120.0,0,3.1780538303479458,200000
5,1283,2,931,1,1962,1980,0.0,0,0.0,140000
8,1660,2,1660,2,2006,2006,420.0,1,3.9318256327243257,290000
6,1845,2,1055,2,1992,1992,0.0,1,4.653960350157523,189000
8,1752,2,559,2,1988,2005,0.0,0,2.5649493574615367,164000
4,672,1,672,1,1941,1950,0.0,0,4.736198448394496,113000
4,960,1,648,0,1965,2001,0.0,0,0.0,145000
5,999,1,925,1,1962,1962,0.0,0,4.290459441148391,134500
5,894,1,894,1,1966,1966,0.0,0,0.0,125000
6,1902,2,0,2,1978,1978,0.0,0,0.0,112000
8,1314,2,1300,2,2009,2009,72.0,0,4.727387818712341,229456
4,912,0,0,1,1947,1950,0.0,0,0.0,80500
6,1218,0,672,1,1971,1971,236.0,0,0.0,91500
5,912,1,912,1,1964,1964,0.0,0,0.0,115000
5,1211,1,952,1,1968,1968,0.0,1,4.158883083359672,134000
6,1846,1,1040,2,1949,1950,320.0,1,0.0,143000
5,2136,2,2136,2,1951,1951,44.0,0,3.4339872044851463,137900
7,1490,2,788,2,2004,2005,0.0,1,4.330733340286331,184000
6,1138,1,588,1,1958,1958,63.0,0,0.0,145000
6,1933,3,894,2,2007,2007,74.0,1,2.9444389791664403,214000
5,912,2,912,1,1965,2008,300.0,0,5.484796933490655,147000
9,1702,3,1702,1,2008,2008,766.0,1,4.290459441148391,367294
5,1507,1,1075,2,1960,1960,0.0,0,0.0,127000
5,2620,2,1361,2,1977,1977,1.0,1,3.218875824868201,190000
5,1190,2,1106,1,1962,1962,120.0,0,2.9444389791664403,132500
4,1224,2,0,2,1962,1962,0.0,0,0.0,101800
5,1188,2,1188,1,1959,1959,180.0,0,0.0,142000
5,1964,0,940,1,1911,1950,0.0,0,5.262690188904886,130000
5,1784,1,747,1,1914,1950,0.0,0,3.713572066704308,138887
7,1626,2,764,2,2003,2003,106.0,0,3.332204510175204,175500
7,1948,2,847,2,2004,2005,0.0,1,3.8918202981106265,195000
6,1141,2,1141,1,2005,2005,0.0,0,0.0,142500
8,1484,2,1476,2,2006,2006,32.0,1,3.5263605246161616,265900
7,1768,2,884,2,2003,2003,252.0,0,4.158883083359672,224900
7,1689,3,1689,2,2007,2007,0.0,0,4.04305126783455,248328
7,1173,2,1053,2,1974,1974,81.0,2,4.795790545596741,170000
10,2076,3,2076,2,2006,2006,0.0,1,5.438079308923196,465000
8,1517,2,792,1,1929,1950,0.0,2,0.0,230000
6,1868,2,585,3,1984,2003,74.0,1,4.727387818712341,178000
7,1553,2,756,2,2005,2006,0.0,0,3.828641396489095,186500
6,1034,3,1012,1,1976,1976,335.0,0,0.0,169900
6,2058,2,735,1,1917,1950,0.0,1,0.0,129500
5,988,1,876,1,1950,1950,0.0,0,4.394449154672439,119000
7,2110,2,2110,2,1968,1968,0.0,2,0.0,244000
7,1405,2,1405,2,2003,2003,163.0,1,3.610917912644224,171750
5,874,1,864,1,1968,1968,0.0,0,0.0,130000
7,2167,2,1192,2,1974,2003,0.0,2,3.871201010907891,294000
7,1656,2,746,2,2003,2004,92.0,1,4.859812404361672,165400
6,1367,1,884,1,1931,1950,0.0,1,0.0,127500
8,1987,2,1986,2,1994,1994,554.0,1,3.610917912644224,301500
5,864,0,864,1,1922,1950,0.0,0,4.574710978503383,99900
7,1166,2,856,2,2005,2005,182.0,0,0.0,190000
6,1054,2,1054,1,1969,1969,0.0,0,0.0,151000
6,1675,2,841,2,1999,1999,0.0,1,4.6443908991413725,181000
5,1050,1,1050,1,1956,1956,0.0,0,0.0,128900
4,1788,1,1104,1,1957,1989,0.0,2,0.0,161500
6,1824,2,764,1,1919,1950,0.0,1,0.0,180500
6,1337,2,1405,2,1998,1999,0.0,0,4.23410650459726,181000
7,1452,2,691,2,1999,1999,218.0,0,3.555348061489413,183900
7,1889,1,925,1,1910,1950,0.0,1,0.0,122000
9,2018,3,2002,2,2008,2009,0.0,1,4.343805421853684,378500
8,3447,3,728,3,1935,1997,632.0,2,2.5649493574615367,381000
5,1524,1,874,1,1958,1958,180.0,0,0.0,144000
7,1524,2,1332,0,1979,1979,0.0,1,0.0,260000
6,1489,2,1489,2,1968,1968,0.0,1,0.0,185750
5,935,1,935,1,1965,1965,114.0,0,0.0,137000
6,1357,1,1019,1,1959,2006,84.0,1,0.0,177000
5,1250,2,661,2,1910,2003,0.0,1,0.0,139000
5,1920,2,928,2,1948,1950,567.0,0,0.0,137000
6,1395,2,723,1,1972,1972,0.0,1,4.762173934797756,162000
6,1724,2,1680,1,1967,1976,359.0,1,0.0,197900
8,2031,2,1128,2,2002,2002,0.0,1,5.356586274672012,237000
4,1128,2,698,1,1920,1950,0.0,0,0.0,68400
7,1573,2,1573,2,2002,2002,110.0,0,4.290459441148391,227000
7,1339,2,1309,2,1990,1990,54.0,1,4.07753744390572,180000
5,1040,2,1040,2,1977,2008,0.0,0,0.0,150500
6,1824,0,912,2,1971,1971,0.0,0,0.0,139000
6,2447,1,804,2,1919,1990,0.0,1,0.0,169000
6,1412,1,780,1,1939,1950,0.0,1,0.0,132500
6,1328,2,1328,1,1963,1963,451.0,2,3.295836866004329,143000
5,1582,2,1624,2,1964,1964,621.0,0,5.293304824724492,190000
8,1659,2,1501,2,2000,2000,0.0,1,4.0943445622221,278000
8,1970,3,1085,2,2006,2006,788.0,1,4.31748811353631,281000
5,1152,2,1152,1,1964,1964,86.0,1,0.0,180500
5,1302,1,630,2,1972,1972,268.0,0,0.0,119500
5,2372,1,994,2,1892,1965,0.0,0,5.662960480135946,107500
7,1664,2,832,2,1976,1976,0.0,1,3.367295829986474,162900
5,864,2,864,1,1955,1990,0.0,0,0.0,115000
5,1052,1,1052,1,1968,1968,168.0,0,0.0,138500
5,1128,2,1120,2,1963,1963,148.0,0,3.044522437723423,155000
6,1072,2,547,2,2005,2006,82.0,0,3.80666248977032,140000
10,5642,2,6110,2,2008,2008,796.0,3,5.680172609017068,160000
5,1246,1,1246,1,1959,1994,0.0,0,0.0,154000
7,1983,2,978,2,1999,1999,344.0,1,0.0,225000
6,1494,1,771,1,1942,1950,0.0,2,0.0,177500
8,2526,3,1165,2,1994,1994,391.0,1,4.3694478524670215,290000
7,1616,3,1616,2,2005,2005,228.0,0,4.0943445622221,232000
7,1708,2,976,2,2004,2004,117.0,0,3.713572066704308,130000
9,1652,2,1652,2,2006,2007,300.0,2,4.634728988229636,325000
7,1368,2,1368,2,2005,2006,94.0,1,3.58351893845611,202500
5,990,2,990,1,1994,1995,0.0,0,4.174387269895637,138000
5,1122,2,924,1,1948,2005,0.0,0,3.610917912644224,147000
6,1294,2,1278,2,1991,1991,88.0,0,3.951243718581428,179200
7,1902,2,1902,2,1959,2002,0.0,2,5.337538079701318,335000
7,1274,2,1274,2,2005,2007,80.0,0,4.59511985013459,203000
8,2810,2,1453,2,1990,1990,336.0,1,0.0,302000
9,2599,3,1393,2,1999,1999,165.0,1,3.4339872044851463,333168
4,948,1,948,1,1954,1954,0.0,1,3.610917912644224,119000
6,2112,2,952,2,1969,1969,0.0,2,0.0,206900
8,1630,3,1622,2,2008,2008,270.0,1,3.7612001156935615,295493
7,1352,2,1352,2,2006,2007,0.0,1,5.488937726156687,208900
8,1787,3,1753,2,2001,2002,178.0,1,5.017279836814924,275000
4,948,1,864,1,1954,1954,132.0,0,0.0,111000
6,1478,2,1478,1,1957,1957,0.0,2,0.0,156500
3,720,1,0,1,1949,1950,0.0,0,0.0,72500
7,1923,2,750,2,1992,1992,0.0,1,3.688879454113936,190000
4,708,0,420,1,1940,1950,0.0,0,0.0,82500
8,1795,3,1795,2,2006,2007,428.0,1,3.912023005428146,147000
4,796,0,796,1,1922,1950,0.0,0,0.0,55000
3,774,0,544,1,1931,2006,0.0,0,0.0,79000
5,816,1,816,1,1982,2008,0.0,1,0.0,130500
6,2792,2,1510,2,1920,1950,0.0,2,6.306275286948016,256000
7,1632,2,935,2,1998,1998,0.0,1,3.367295829986474,176500
8,1588,3,1588,2,2006,2006,410.0,1,3.828641396489095,227000
5,954,2,911,1,1976,1976,0.0,0,0.0,132500
4,816,1,816,1,1938,1958,0.0,1,0.0,100000
5,1360,1,803,1,1938,1995,0.0,0,4.189654742026425,125500
5,1365,2,765,1,1970,1970,312.0,0,3.610917912644224,125000
6,1334,2,1350,2,1977,1977,360.0,1,2.833213344056216,167900
5,1656,2,1656,2,1973,1973,564.0,0,5.356586274672012,135000
4,693,0,693,1,1941,1950,0.0,0,3.044522437723423,52500
7,1861,2,916,2,2002,2002,0.0,0,4.5217885770490405,200000
5,864,1,864,1,1972,1972,0.0,0,0.0,128500
4,872,4,858,1,1971,1971,0.0,0,0.0,123000
6,1114,2,1114,1,2003,2004,0.0,0,4.3694478524670215,155000
8,2169,2,1284,2,2002,2002,149.0,1,4.477336814478207,228500
6,1913,2,896,1,1928,1950,0.0,1,0.0,177000
7,1456,2,728,2,2006,2006,0.0,1,0.0,155835
4,960,1,960,1,1920,1950,0.0,0,0.0,108500
7,2156,2,1568,2,1968,2003,0.0,1,4.394449154672439,262500
8,1776,3,1732,2,2006,2007,100.0,1,0.0,283463
7,1494,2,1482,2,1998,1998,0.0,1,3.258096538021482,215000
8,2358,0,684,2,1872,1987,0.0,0,4.007333185232471,122000
5,2634,4,1248,2,1969,1969,368.0,0,0.0,200000
6,1716,2,858,1,1962,1962,318.0,1,4.442651256490317,171000
6,1176,2,698,1,1937,2000,0.0,0,0.0,134900
8,3238,3,2033,2,1995,1996,579.0,1,4.465908118654584,410000
7,1865,3,992,2,2000,2000,0.0,1,5.220355825078324,235000
7,1920,2,570,3,1968,1992,143.0,1,4.59511985013459,170000
5,892,1,864,1,1966,1966,65.0,0,0.0,110000
5,1078,2,1078,1,1971,2008,0.0,1,0.0,149900
6,1573,2,756,2,2000,2000,216.0,0,3.49650756146648,177500
9,1980,3,1980,2,2004,2005,66.0,1,3.828641396489095,315000
5,2601,2,612,3,1921,1998,0.0,0,0.0,189000
7,1530,2,1530,2,2005,2005,16.0,1,3.610917912644224,260000
4,1738,1,715,2,1920,2007,0.0,1,0.0,104900
6,1412,2,616,2,2006,2007,0.0,1,3.610917912644224,156932
7,1200,2,600,2,2005,2005,0.0,0,5.117993812416755,144152
7,1674,2,814,2,2000,2000,0.0,0,4.574710978503383,216000
7,1790,2,873,2,1999,1999,158.0,0,4.48863636973214,193000
5,1475,1,757,2,1977,1977,0.0,1,3.295836866004329,127000
6,848,2,848,1,2003,2004,170.0,0,0.0,144000
8,1668,2,1657,2,2003,2003,171.0,1,5.572154032177765,232000
4,1374,1,840,1,1920,1950,0.0,0,0.0,105000
6,1661,1,992,1,1955,1996,0.0,1,3.367295829986474,165500
7,2097,2,1108,2,1998,1998,0.0,1,5.14166355650266,274300
10,2633,3,2633,2,2001,2002,705.0,2,4.948759890378168,466500
7,1958,3,1026,2,2005,2005,0.0,1,5.351858133476067,250000
8,1571,3,1571,2,2007,2007,80.0,1,3.610917912644224,239000
6,790,1,768,1,1930,1950,0.0,0,4.955827057601261,91000
5,1604,2,984,2,1941,1960,0.0,0,4.23410650459726,117000
6,987,1,483,1,1973,1973,408.0,0,0.0,83000
5,1394,2,384,2,2006,2007,0.0,0,0.0,167500
3,864,1,864,1,1914,1950,0.0,0,0.0,58500
6,2117,2,1205,2,1970,1970,0.0,2,3.7612001156935615,237500
7,1762,2,596,1,1920,1950,0.0,0,0.0,157000
5,1416,2,816,2,1918,2007,0.0,0,0.0,112000
6,1258,1,560,1,1939,1950,0.0,0,0.0,105000
4,1154,1,796,1,1922,2007,0.0,0,4.574710978503383,125500
7,2784,2,1392,3,1978,1978,184.0,2,4.727387818712341,250000
6,2526,1,714,2,1916,1950,0.0,1,2.772588722239781,136000
9,1746,3,1746,2,2006,2007,160.0,2,3.688879454113936,377500
6,1218,2,735,1,1941,1950,0.0,1,0.0,131000
7,1525,2,1525,2,2000,2000,244.0,0,3.610917912644224,235000
5,1584,3,1584,2,1967,1967,0.0,0,5.030437921392435,124000
5,900,1,864,1,1967,1967,0.0,1,4.976733742420574,123000
6,1912,2,482,2,1905,2000,0.0,1,3.258096538021482,163000
7,1500,3,1356,2,2006,2006,45.0,1,3.044522437723423,246578
8,2482,3,1094,2,2005,2006,245.0,1,3.688879454113936,281213
5,1687,2,747,1,1948,1950,0.0,2,0.0,160000
5,1513,1,939,1,1920,2004,0.0,0,0.0,137500
5,1904,1,1208,1,1950,1982,0.0,0,0.0,138000
6,1608,1,976,2,1925,1990,0.0,1,2.833213344056216,137450
6,1158,1,862,1,1929,1950,0.0,1,0.0,120000
6,1593,2,839,2,2004,2004,0.0,1,4.330733340286331,193000
7,1294,2,1286,2,2006,2006,0.0,1,4.02535169073515,193879
8,1464,3,1485,2,2007,2007,84.0,0,5.081404364984463,282922
3,1214,3,672,1,1915,1950,0.0,0,0.0,105000
8,1646,2,1594,2,2004,2005,174.0,1,3.9889840465642745,275000
5,768,2,768,1,1972,2007,0.0,0,0.0,133000
5,833,0,833,1,1985,1985,0.0,0,0.0,112000
4,1363,2,622,1,1910,1950,0.0,0,0.0,125500
7,2093,2,791,2,1986,1991,123.0,1,4.158883083359672,215000
7,1840,2,944,2,2001,2001,0.0,0,3.828641396489095,230000
6,1668,1,856,1,1950,2005,0.0,0,0.0,140000
4,1040,2,0,2,1949,1950,0.0,0,0.0,90000
8,1844,2,1844,2,2005,2006,366.0,1,3.80666248977032,257000
6,1848,2,833,1,1923,2000,0.0,1,0.0,207000
7,1569,3,1386,2,2007,2007,130.0,1,3.044522437723423,175900
4,2290,2,777,2,1885,1950,0.0,0,0.0,122500
8,2450,3,1284,2,1998,1998,731.0,1,4.844187086458591,340000
5,1144,1,1144,1,1963,1963,0.0,0,4.48863636973214,124000
6,1844,2,1844,2,1969,1969,312.0,1,4.30406509320417,223000
6,1416,2,708,2,1968,1968,420.0,1,5.135798437050262,179900
6,1069,2,1069,2,1977,1977,0.0,1,4.02535169073515,127500
6,848,2,848,1,2003,2003,170.0,0,0.0,136500
6,2201,2,697,2,1966,1966,0.0,1,5.468060141135132,274970
5,1344,1,1024,1,1958,1983,0.0,1,3.367295829986474,144000
6,1252,2,1252,1,1959,1959,243.0,0,3.688879454113936,142000
7,2127,2,1223,2,1994,1994,448.0,2,4.890349128221754,271000
5,1558,1,913,1,1945,1950,0.0,1,0.0,140000
5,804,1,788,1,1940,1992,294.0,2,0.0,119000
6,1440,2,1440,2,1981,1981,310.0,1,0.0,182900
5,1838,2,732,2,2005,2005,0.0,1,3.713572066704308,192140
6,958,2,958,2,1976,1976,0.0,0,4.110873864173311,143750
4,968,1,656,2,1927,2007,0.0,0,0.0,64500
6,1792,2,936,2,2000,2000,318.0,1,0.0,186500
5,1126,2,1126,2,1977,1977,0.0,1,3.737669618283368,160000
6,1537,2,1319,1,1962,2005,237.0,1,3.610917912644224,174000
4,864,2,864,1,1971,1971,0.0,0,0.0,120500
8,1932,3,1932,2,2008,2008,426.0,1,4.204692619390966,394617
6,1236,2,912,1,1957,1996,0.0,0,5.068904202220232,149700
7,1725,2,539,2,1979,1979,96.0,1,4.48863636973214,197000
6,2555,2,588,2,1922,1994,0.0,1,0.0,191000
6,848,2,848,1,2004,2004,147.0,1,0.0,149300
10,2007,3,1017,2,2008,2008,160.0,1,3.970291913552122,310000
6,952,1,952,1,1916,1950,0.0,1,4.59511985013459,121000
7,1422,2,1422,2,2004,2004,106.0,0,4.110873864173311,179600
6,913,1,814,1,1966,1966,0.0,0,0.0,129000
5,1188,1,1188,1,1962,1962,189.0,0,3.688879454113936,157900
8,2090,2,1220,2,1995,1996,438.0,1,4.189654742026425,240000
4,1346,1,560,1,1910,2000,0.0,0,3.218875824868201,112000
5,630,0,630,1,1970,1970,0.0,0,0.0,92000
5,1792,0,896,2,1974,1974,0.0,0,3.828641396489095,136000
8,1578,3,1573,2,2008,2009,194.0,1,3.610917912644224,287090
5,1072,2,547,1,2005,2005,80.0,0,3.367295829986474,145000
5,1140,0,1140,1,2006,2006,0.0,0,4.04305126783455,84500
7,1221,2,1221,2,2004,2005,0.0,0,4.736198448394496,185000
6,1647,2,953,2,1999,2000,0.0,1,3.713572066704308,175000
6,2073,2,1542,2,1978,1988,119.0,2,0.0,210000
7,2340,1,1152,2,1941,2006,0.0,2,4.110873864173311,266500
5,1078,1,1078,1,1950,1996,0.0,0,0.0,142125
5,1256,1,1256,1,1965,1965,0.0,0,4.23410650459726,147500
