OverallQual,GarageCars,KitchenAbvGr,GrLivArea,FullBath,2ndFlrSF,TotalBsmtSF,1stFlrSF,Fireplaces,OpenPorchSF,SalePrice
7,2,1,1710,2,854,856,856,0,61,208500
6,2,1,1262,2,0,1262,1262,1,0,181500
7,2,1,1786,2,866,920,920,1,42,223500
7,3,1,1717,1,756,756,961,1,35,140000
8,3,1,2198,2,1053,1145,1145,1,84,250000
5,2,1,1362,1,566,796,796,0,30,143000
8,2,1,1694,2,0,1686,1694,1,57,307000
7,2,1,2090,2,983,1107,1107,2,204,200000
7,2,2,1774,2,752,952,1022,2,0,129900
5,1,2,1077,1,0,991,1077,2,4,118000
5,1,1,1040,1,0,1040,1040,0,0,129500
9,3,1,2324,3,1142,1175,1182,2,21,345000
5,1,1,912,1,0,912,912,0,0,144000
7,3,1,1494,2,0,1494,1494,1,33,279500
6,1,1,1253,1,0,1253,1253,1,213,157000
7,2,1,854,1,0,832,854,0,112,132000
6,2,1,1004,1,0,1004,1004,1,0,149000
4,2,2,1296,2,0,0,1296,0,0,90000
5,2,1,1114,1,0,1114,1114,0,102,159000
5,1,1,1339,1,0,1029,1339,0,0,139000
8,3,1,2376,3,1218,1158,1158,1,154,325300
7,1,1,1108,1,0,637,1108,1,0,139400
8,2,1,1795,2,0,1777,1795,1,159,230000
5,2,1,1060,1,0,1040,1060,1,110,129900
5,1,1,1060,1,0,1060,1060,1,90,154000
8,3,1,1600,2,0,1566,1600,1,56,256300
5,2,1,900,1,0,900,900,0,32,134800
8,3,1,1704,2,0,1704,1704,1,50,306000
5,1,1,1600,1,0,1484,1600,2,258,207500
4,1,1,520,1,0,520,520,0,0,68500
4,1,1,1317,1,668,649,649,0,54,40000
5,1,1,1228,1,0,1228,1228,0,65,149350
8,2,1,1234,2,0,1234,1234,0,30,179900
5,2,1,1700,1,0,1398,1700,1,38,165500
9,2,1,1561,2,0,1561,1561,1,47,277500
8,3,1,2452,3,1320,1117,1132,1,32,309000
5,2,1,1097,1,0,1097,1097,0,64,145000
5,2,1,1297,1,0,1297,1297,1,0,153000
5,1,1,1057,1,0,1057,1057,0,52,109000
4,0,2,1152,2,0,0,1152,0,0,82000
6,2,1,1324,2,0,1088,1324,1,138,160000
5,1,1,1328,1,0,1350,1328,2,104,170000
5,2,1,884,1,0,840,884,0,0,144000
5,1,1,938,1,0,938,938,0,0,130250
5,1,1,1150,1,0,1150,1150,0,0,141000
9,2,1,1752,2,0,1752,1752,1,82,319900
7,2,1,2149,1,631,1434,1518,1,43,239686
8,3,1,1656,2,0,1656,1656,0,146,249700
4,0,3,1452,2,716,736,736,0,0,113000
5,1,1,955,1,0,955,955,0,0,127000
6,2,1,1470,2,676,794,794,0,75,177000
6,2,1,1176,1,0,816,816,1,0,114500
5,2,1,816,1,0,816,816,0,0,110000
9,3,1,1842,0,0,1842,1842,1,72,385000
5,2,1,1360,1,0,384,1360,1,50,130000
6,2,1,1425,2,0,1425,1425,1,0,180500
8,2,1,1739,2,756,970,983,0,0,172500
7,2,1,1720,2,860,860,860,0,70,196500
10,3,1,2945,3,1519,1410,1426,1,0,438780
5,1,1,780,1,0,780,780,0,0,124900
6,2,1,1158,1,0,1158,1158,0,50,158000
5,1,1,1111,1,530,530,581,0,0,101000
8,2,1,1370,2,0,1370,1370,1,49,202500
7,2,1,1710,2,808,576,902,0,11,140000
7,2,1,2034,2,977,1057,1057,0,36,219500
8,3,1,2473,2,1330,1143,1143,1,151,317000
7,2,1,2207,2,0,1947,2207,1,0,180000
7,2,1,1479,2,0,1453,1479,0,29,226000
4,1,1,747,1,0,747,747,0,0,80000
7,2,1,2287,2,983,1304,1304,1,21,225000
7,2,1,2223,2,0,2223,2223,2,0,244000
4,2,1,845,1,0,845,845,0,0,129500
7,2,1,1718,2,833,832,885,1,94,185000
5,2,1,1086,1,0,1086,1086,0,0,144900
3,1,2,1605,2,765,840,840,0,0,107400
4,1,1,988,1,462,462,526,0,101,91000
4,1,1,952,1,0,952,952,0,0,135750
5,1,1,1285,1,213,672,1072,0,0,127000
4,0,2,1768,2,0,1768,1768,0,0,136500
5,2,1,1230,1,548,440,682,0,0,110000
6,1,1,2142,2,960,896,1182,1,72,193500
6,2,1,1337,2,0,1237,1337,0,199,153500
8,3,1,1563,2,0,1563,1563,1,99,245000
5,2,1,1065,1,0,1065,1065,0,0,126500
7,2,1,1474,2,670,384,804,1,72,168500
8,2,1,2417,2,1116,1288,1301,1,82,260000
6,2,1,1560,2,876,684,684,1,38,174000
6,2,1,1224,2,612,612,612,0,234,164500
3,0,1,1526,1,0,1013,1013,0,0,85000
4,0,1,990,1,0,990,990,0,0,123600
4,2,1,1040,1,0,0,1040,0,29,109900
5,2,1,1235,1,0,1235,1235,0,0,98600
5,2,1,964,1,0,876,964,0,0,163500
6,2,2,2291,2,1031,1214,1260,1,0,133900
6,2,1,1786,2,881,824,905,0,162,204750
6,2,1,1470,2,790,680,680,1,63,185000
7,2,1,1588,2,0,1588,1588,0,29,214000
4,1,1,960,1,0,960,960,0,0,94750
5,1,1,835,1,0,458,835,0,0,83000
4,0,1,1225,1,0,950,1225,0,0,128950
6,2,1,1610,2,0,1610,1610,2,68,205000
6,2,1,1732,2,755,741,977,1,46,178000
5,2,2,1535,2,0,0,1535,0,0,118964
7,3,1,1226,2,0,1226,1226,0,36,198900
7,1,1,1818,1,592,1040,1226,2,0,169500
8,2,1,1992,2,939,1053,1053,1,45,250000
4,1,1,1047,1,0,641,1047,0,0,100000
5,1,1,789,1,0,789,789,0,0,115000
5,0,1,1517,2,520,793,997,0,0,115000
6,2,1,1844,2,0,1844,1844,1,122,190000
6,1,1,1855,2,639,994,1216,0,0,136900
7,2,1,1430,2,656,384,774,1,0,180000
7,3,1,2696,2,1414,1264,1282,1,184,383970
6,2,1,2259,2,0,1809,2259,2,120,217000
6,1,1,2320,2,884,1028,1436,1,0,259500
6,2,1,1458,2,729,729,729,1,32,176000
5,1,1,1092,1,0,1092,1092,1,20,139000
5,2,1,1125,1,0,1125,1125,0,64,155000
7,3,1,3222,3,1523,1673,1699,2,0,320000
6,2,1,1456,2,728,728,728,1,24,163990
6,2,1,988,1,0,938,988,2,130,180000
4,1,1,1123,1,351,732,772,0,0,100000
6,1,1,1080,1,0,1080,1080,0,0,136000
6,2,1,1199,2,0,1199,1199,0,63,153900
6,2,1,1586,2,0,1362,1586,1,0,181000
6,0,1,754,1,0,520,520,0,0,84500
6,2,1,958,2,0,1078,958,1,205,128000
5,0,1,840,1,0,672,840,1,0,87000
6,2,1,1348,1,688,660,660,1,108,155000
5,2,1,1053,1,0,1008,1053,0,80,150000
7,2,1,2157,2,941,924,1216,2,66,226000
6,2,1,2054,2,1032,992,1022,1,48,244000
5,2,1,1327,1,0,1063,1327,0,0,150750
8,2,1,1296,2,0,1267,1296,0,25,220000
5,2,1,1721,2,0,1461,1721,1,96,180000
7,2,1,1682,2,0,1304,1682,1,0,174000
5,1,1,1214,2,0,1214,1214,1,111,143000
7,3,2,1959,3,0,1907,1959,0,0,171000
8,3,1,1852,2,848,1004,1004,2,106,230000
6,2,1,1764,2,836,928,928,0,99,231500
4,0,1,864,1,0,864,864,1,0,115000
7,2,1,1734,2,0,1734,1734,0,24,260000
5,2,1,1385,2,475,910,910,0,0,166000
7,2,1,1501,2,0,1490,1501,0,29,204000
5,2,2,1728,2,0,1728,1728,0,0,125000
6,2,1,1709,2,739,970,970,0,40,130000
5,1,1,875,1,0,715,875,0,0,105000
7,2,1,2035,2,1151,884,884,1,48,222500
7,0,1,1080,1,0,1080,1080,0,0,141000
5,1,1,1344,1,448,896,896,0,114,115000
5,2,1,969,1,0,969,969,0,0,122000
8,3,1,1710,2,0,1710,1710,1,102,372402
6,2,1,1993,2,896,825,1097,1,66,190000
6,2,1,1252,1,0,1602,1252,1,0,235000
6,1,1,1200,1,0,1200,1200,0,0,125000
6,0,1,1096,1,524,572,572,0,8,79000
5,2,1,1040,1,0,0,1040,0,0,109500
8,3,1,1968,2,1194,774,774,1,75,269500
7,2,1,1947,2,956,991,991,1,136,254900
7,2,1,2462,2,1070,1392,1392,1,132,320000
6,2,1,1232,2,0,1232,1232,0,0,162500
9,3,1,2668,2,1096,1572,1572,2,0,412500
7,2,1,1541,2,0,1541,1541,1,70,220000
4,0,1,882,1,0,882,882,0,0,103200
6,1,1,1616,2,467,1149,1149,0,0,152000
5,0,2,1355,2,547,644,808,0,0,127500
5,1,1,1867,1,0,1617,1867,3,0,190000
8,3,1,2161,1,551,1582,1610,1,120,325624
7,2,1,1720,2,880,840,840,1,48,183500
8,2,1,1707,2,0,1686,1707,1,64,228000
5,2,1,1382,1,0,720,854,0,0,128500
6,2,1,1656,1,0,1080,1656,2,62,215000
7,2,1,1767,2,703,1064,1064,1,35,239000
6,2,1,1362,1,0,1362,1362,1,20,163000
6,2,1,1651,2,0,1606,1651,1,0,184000
6,2,1,2158,2,0,1202,2158,1,29,243000
6,2,1,2060,2,896,1151,1164,1,228,211000
5,2,1,1920,2,668,1052,1252,1,0,172500
9,3,1,2234,2,0,2216,2234,1,60,501837
5,2,1,968,1,0,968,968,0,0,100000
6,2,1,1525,2,756,756,769,1,0,177000
7,1,1,1802,1,901,793,901,1,0,200100
5,1,1,1340,1,0,0,1340,1,0,120000
7,2,1,2082,2,720,1362,1362,0,238,200000
5,2,1,1252,1,316,504,936,0,0,127000
10,3,1,3608,2,1518,1107,1518,2,260,475000
7,2,1,1217,2,0,1188,1217,0,27,173000
5,1,1,1656,2,704,660,808,0,0,135000
5,2,2,1224,0,0,1086,1224,2,0,153337
8,2,1,1593,1,0,1593,1593,1,120,286000
8,2,1,2727,2,1178,853,1549,2,74,315000
7,2,1,1479,1,754,725,725,0,32,184000
7,2,1,1431,2,0,1431,1431,0,35,192000
7,2,1,1709,2,739,970,970,0,40,130000
5,1,1,864,1,0,864,864,0,0,127000
6,2,1,1456,2,601,855,855,1,0,148500
7,3,1,1726,2,0,1726,1726,1,138,311872
8,2,1,3112,2,1360,1360,1360,1,16,235000
6,0,1,2229,1,929,755,929,0,198,104000
8,3,1,1713,2,0,1713,1713,1,26,274900
4,2,1,1121,2,0,1121,1121,0,64,140000
6,2,1,1279,2,0,1196,1279,2,83,171500
6,1,1,1310,2,445,617,865,0,0,112000
6,2,1,848,1,0,848,848,1,0,149000
5,1,1,1284,1,564,720,720,0,35,110000
7,2,1,1442,2,0,1424,1442,0,34,180500
5,1,1,1696,1,0,1140,1696,1,30,143900
4,1,1,1100,1,0,1100,1100,1,0,141000
7,2,1,2062,2,882,1157,1180,1,55,277000
6,2,1,1092,1,0,1092,1092,0,0,145000
5,0,1,864,1,0,864,864,0,0,98000
6,2,1,1212,2,0,1212,1212,0,22,186000
7,2,1,1852,2,920,900,932,1,108,252678
5,2,1,990,1,0,990,990,0,0,156000
6,1,1,1392,1,703,689,689,0,36,161750
5,1,1,1236,1,0,1070,1236,1,0,134450
7,2,1,1436,2,0,1436,1436,0,98,210000
4,1,1,1328,1,518,686,810,0,172,107000
7,2,1,1954,1,817,798,1137,2,119,311500
7,2,1,1248,2,0,1248,1248,0,0,167240
7,2,1,1498,2,0,1498,1498,0,33,204900
6,2,1,2267,2,1257,1010,1010,1,46,200000
6,2,1,1552,2,741,713,811,1,208,179900
4,2,1,864,1,0,864,864,0,0,97000
10,3,1,2392,2,0,2392,2392,1,105,386250
5,1,1,1302,2,672,630,630,0,0,112000
7,3,1,2520,2,1306,1203,1214,1,114,290000
6,1,1,987,1,504,483,483,0,0,106000
5,1,1,912,1,0,912,912,1,0,125000
7,2,1,1555,2,0,1373,1555,1,20,192500
6,1,1,1194,1,0,1194,1194,0,0,148000
8,3,1,2794,2,1304,1462,1490,1,146,403000
6,1,1,987,1,504,483,483,1,0,94500
5,1,1,894,1,0,894,894,0,0,128200
6,2,1,1960,2,1100,860,860,2,48,216500
6,1,1,987,1,504,483,483,0,0,89500
7,2,1,1414,2,0,1414,1414,0,105,185500
7,2,1,1744,2,730,996,1014,0,70,194500
8,3,1,1694,2,0,1694,1694,0,228,318000
6,1,1,1487,1,689,735,798,1,140,113000
8,2,1,1566,2,0,1566,1566,0,168,262500
5,0,1,866,1,0,686,866,0,42,110500
5,1,1,1440,1,551,540,889,0,0,79000
6,1,1,1217,1,591,626,626,1,28,120000
7,2,1,2110,2,888,948,1222,2,130,205000
7,2,1,1872,2,0,1845,1872,1,39,241500
6,1,2,1928,2,1020,1020,908,0,60,137000
6,2,1,1375,1,0,1367,1375,1,30,140000
7,2,1,1668,2,828,840,840,0,68,180000
6,2,1,2144,2,700,1444,1444,2,98,277000
3,0,1,1306,1,0,728,1306,0,0,76500
8,2,1,1625,2,0,1573,1625,1,0,235000
6,2,1,1640,2,842,798,798,0,45,173000
6,1,1,1302,2,0,1302,1302,0,0,158000
5,1,1,1314,1,0,1314,1314,0,0,145000
7,2,1,2291,2,1286,975,1005,1,0,230000
6,2,1,1728,2,864,864,864,0,56,207500
7,2,1,1604,2,0,1604,1604,1,110,220000
7,2,1,1792,2,829,963,963,1,96,231500
5,1,1,882,1,0,0,882,0,45,97000
6,2,1,1382,1,0,1362,1382,1,0,176000
8,3,1,2574,2,1092,1482,1482,1,148,276000
6,2,1,1212,1,0,506,1212,1,12,151000
5,2,1,1316,1,0,926,926,0,0,130000
5,2,1,764,1,0,680,764,0,0,73000
6,2,1,1422,2,0,1422,1422,1,0,175500
6,2,1,1511,2,709,802,802,1,75,185000
5,1,1,2192,2,720,720,1052,1,24,179500
5,1,1,778,1,0,740,778,1,25,120500
6,1,1,1113,1,0,1143,1113,1,30,148000
8,3,1,1939,2,844,1095,1095,1,51,266000
7,2,1,1363,1,0,1385,1363,2,0,241500
8,3,1,2270,2,1106,1152,1164,1,57,290000
6,1,1,1632,2,0,1240,1632,1,0,139000
5,1,1,816,1,0,816,816,0,0,124500
7,2,1,1548,2,596,952,952,0,0,205000
7,2,1,1560,2,0,1560,1560,0,150,201000
4,2,1,864,1,0,864,864,0,0,141000
9,3,1,2121,2,0,2121,2121,1,98,415298
7,2,1,2022,2,866,1160,1156,1,117,192000
7,2,1,1982,2,807,807,1175,1,84,228500
6,2,1,1262,2,0,1262,1262,0,120,185000
7,2,1,1314,2,0,1314,1314,1,62,207500
8,3,1,1468,2,0,1468,1468,1,150,244600
6,2,1,1575,2,0,1575,1575,0,0,179200
7,2,1,1250,2,625,625,625,0,54,164700
6,2,1,1734,1,649,912,1085,1,0,159000
4,0,1,858,1,0,858,858,0,0,88000
5,1,1,900,1,0,882,900,0,0,122000
6,1,1,1396,1,698,698,698,0,0,153575
8,2,1,1919,2,840,1079,1079,1,51,233230
5,0,1,1716,2,780,780,936,0,184,135900
5,1,1,1716,1,568,768,1148,1,0,131000
7,2,1,2263,2,795,795,1468,1,250,235000
6,2,1,1644,1,0,1416,1644,2,0,167000
6,2,1,1003,1,0,1003,1003,0,0,142500
5,1,1,1558,1,648,910,910,0,0,152000
7,2,1,1950,2,975,975,975,1,10,239000
6,2,1,1743,1,702,702,1041,1,0,175000
6,1,1,1152,1,0,1092,1152,1,36,158500
5,1,1,1336,1,0,1165,1336,2,0,157000
8,2,1,2452,2,1242,1028,1210,1,50,267000
7,3,1,1541,2,0,1541,1541,1,81,205000
5,2,1,894,1,0,894,894,0,0,149900
7,3,1,3493,3,1818,1470,1675,1,0,295000
8,3,1,2000,2,0,2000,2000,0,0,305900
7,3,1,2243,2,1121,700,1122,1,44,225000
6,0,1,1406,1,371,319,1035,0,144,89500
4,2,1,861,1,0,861,861,0,0,82500
9,3,1,1944,2,0,1896,1944,3,175,360000
6,2,1,1501,2,804,697,697,1,63,165600
6,1,1,972,1,0,972,972,1,0,132000
5,2,1,1118,1,325,793,793,1,0,119900
7,2,1,2036,2,0,2136,2036,2,0,375000
7,2,1,1641,1,809,728,832,1,0,178000
7,2,1,1432,2,716,716,716,1,51,188500
7,2,1,2353,2,1200,845,1153,1,195,260000
8,3,1,1959,2,871,1088,1088,1,46,270000
7,3,1,2646,2,1274,1347,1372,1,60,260000
7,2,1,1472,2,0,1372,1472,2,48,187500
9,3,1,2596,3,1347,1249,1249,0,154,342643
8,3,1,2468,2,1332,1136,1136,1,154,354000
7,2,1,2730,2,1177,1502,1553,1,96,301000
3,1,1,1163,1,0,1162,1163,0,98,126175
7,2,1,2978,2,1080,710,1898,1,0,242000
5,2,1,803,1,0,720,803,0,0,87000
8,2,1,1719,1,0,1719,1719,2,30,324000
6,1,1,1383,1,0,1383,1383,0,45,145250
6,2,1,2134,2,689,844,1445,0,60,214500
5,1,1,1192,1,596,596,596,0,0,78000
5,1,2,1728,2,0,1728,1728,0,0,119000
5,1,1,1056,1,0,1056,1056,0,0,139000
8,3,1,1629,2,0,3206,1629,1,0,284000
7,2,1,1358,2,0,1358,1358,1,30,207000
6,2,1,1638,2,695,943,943,2,38,192000
5,2,1,1786,2,167,1499,1619,2,0,228950
9,3,1,1922,2,0,1922,1922,1,51,377426
7,2,1,1536,2,0,1536,1536,0,74,214000
7,2,1,1621,2,0,1208,1621,0,45,202500
6,1,1,1215,1,0,1215,1215,0,0,155000
8,2,1,1908,2,915,967,993,0,0,202900
4,1,1,841,1,0,721,841,0,0,82000
3,2,2,1040,2,0,0,1040,0,0,87500
9,2,1,1684,2,0,1684,1684,1,72,266000
5,1,1,1112,1,576,536,536,0,0,85000
6,1,1,1577,1,605,972,972,1,0,140200
6,1,1,958,1,0,958,958,0,0,151500
6,2,1,1478,2,0,1478,1478,2,40,157500
7,2,1,1626,2,862,764,764,0,27,154000
9,3,1,2728,2,880,1848,1848,2,0,437154
9,2,1,1869,2,0,1869,1869,1,54,318061
7,2,1,1453,1,0,1453,1453,1,80,190000
5,1,1,1111,1,495,616,616,0,0,95000
6,2,1,720,1,0,624,720,0,0,105900
6,1,1,1595,1,403,940,1192,2,0,140000
6,2,1,1200,2,0,1200,1200,0,26,177500
6,2,1,1167,2,0,1158,1167,0,26,173000
5,2,1,1142,1,0,1142,1142,1,90,134000
5,1,1,1352,1,0,1062,1352,0,0,130000
8,2,1,1924,2,838,1086,1086,1,75,280000
6,2,1,912,1,0,888,912,1,0,156000
5,1,1,1505,1,517,883,988,0,0,145000
7,2,1,1922,3,1427,0,495,1,0,198500
6,1,1,987,1,504,483,483,0,0,118000
6,2,1,1574,2,784,796,790,1,111,190000
5,1,1,1344,1,672,672,672,0,128,147000
6,2,1,1394,1,0,1394,1394,2,76,159000
6,1,1,1431,1,0,1099,1431,1,110,165000
5,1,1,1268,1,0,1268,1268,1,98,132000
5,2,1,1287,1,0,1063,1287,1,17,162000
6,2,1,1664,2,711,953,953,1,40,172400
4,2,1,1588,2,468,0,1120,1,59,134432
6,1,1,752,1,0,744,752,0,0,125000
5,1,1,1319,1,0,608,1319,0,0,123000
7,2,1,1928,2,1081,847,847,1,48,219500
1,0,1,904,0,0,683,904,0,0,61000
5,2,1,914,1,0,870,914,0,0,148000
8,2,1,2466,3,886,1580,1580,1,214,340000
9,3,1,1856,1,0,1856,1856,1,0,394432
6,2,1,1800,2,793,982,1007,1,63,179000
5,1,1,1691,2,665,1026,1026,1,0,127000
7,2,1,1301,2,0,1293,1301,1,121,187750
7,2,1,1797,2,858,939,939,0,53,213500
6,2,1,784,1,0,784,784,0,0,76000
6,2,1,1953,2,874,1580,1079,2,231,240000
8,2,1,1269,2,0,1256,1269,1,20,192000
5,0,1,1184,1,526,658,658,0,151,81000
6,1,1,1125,1,0,1041,1125,1,0,125000
7,2,1,1479,2,0,1468,1479,0,25,191000
10,3,1,2332,2,590,1682,1742,1,134,426000
5,1,1,1367,1,406,861,961,0,130,119000
6,2,1,1961,2,1157,804,804,1,192,215000
5,1,1,882,1,0,0,882,0,0,106500
4,0,1,788,1,0,788,788,2,0,100000
5,1,1,1034,1,299,735,735,0,39,109000
5,1,1,1144,1,0,1144,1144,0,0,129000
5,2,1,894,1,0,894,894,0,0,123000
5,1,1,1812,2,936,864,876,1,168,169500
5,1,1,1077,1,0,961,1077,0,0,67000
7,2,1,1550,2,438,1092,1112,0,168,241000
8,2,1,1288,1,0,1260,1288,2,30,245500
7,2,1,1310,2,0,1310,1310,1,0,164990
5,1,1,672,1,0,672,672,0,0,108000
8,2,1,2263,2,1098,1141,1165,1,123,258000
6,2,1,1572,2,766,806,806,1,40,168000
4,2,1,1620,2,0,1281,1620,1,78,150000
6,1,1,1639,1,0,1064,1166,0,0,115000
6,1,1,1680,2,840,840,840,0,0,177000
7,3,1,2172,2,1101,1063,1071,1,62,280000
8,3,1,2078,2,1028,1034,1050,1,102,339750
5,1,1,1276,1,0,1276,1276,0,0,60000
5,2,1,1056,1,0,1056,1056,0,0,145000
7,2,1,1478,2,0,1470,1478,1,144,222000
5,2,1,1028,1,0,1008,1028,1,0,115000
7,3,1,2097,2,1017,1080,1080,1,187,228000
7,2,1,1340,2,0,1340,1340,0,30,181134
6,2,1,1400,1,728,672,672,1,0,149500
6,3,1,2624,2,1254,1370,1370,1,0,239000
5,1,1,1134,1,378,756,756,0,0,126000
5,1,1,1056,1,0,1056,1056,1,85,142000
7,4,2,1344,2,0,1344,1344,0,0,206300
6,2,1,1602,2,0,1602,1602,1,0,215000
5,2,1,988,1,0,988,988,0,0,113000
8,3,1,2630,2,1160,1470,1470,1,66,315000
6,1,1,1196,1,0,1196,1196,1,44,139000
7,1,1,1389,1,682,651,707,2,0,135000
7,2,1,1644,2,0,1518,1644,1,0,275000
4,1,1,907,1,0,907,907,0,0,109008
7,2,1,1208,2,0,1208,1208,0,54,195400
6,2,1,1412,2,0,1392,1412,1,0,175000
6,1,1,987,1,504,483,483,0,0,85400
6,0,1,1198,1,110,901,1088,0,98,79900
5,2,1,1365,1,600,765,765,0,36,122500
6,2,1,1604,2,678,926,926,1,36,181000
4,0,1,630,1,0,630,630,0,0,81000
7,2,1,1661,2,834,799,827,1,61,212000
6,2,1,1118,1,384,648,734,0,0,116000
6,1,1,904,1,0,884,904,0,0,119000
5,1,1,694,1,0,440,694,1,0,90350
6,2,1,1196,1,512,684,684,0,46,110000
10,3,1,2402,2,0,3094,2402,2,72,555000
4,0,2,1440,2,0,1440,1440,0,0,118000
5,2,1,1573,2,445,1078,1128,1,0,162900
7,3,1,1258,2,0,1258,1258,1,16,172500
7,2,1,1908,2,975,915,933,1,133,210000
6,2,1,1689,1,0,1436,1689,1,0,127500
6,2,1,1888,2,0,1517,1888,1,0,190000
7,2,1,1886,2,930,930,956,1,0,199900
6,1,1,1376,2,596,780,780,1,0,119500
3,1,1,1183,1,504,649,679,0,176,120000
6,1,1,813,1,0,813,813,0,113,110000
7,2,1,1533,2,0,1533,1533,2,54,280000
6,2,1,1756,2,868,872,888,0,122,204000
8,2,1,1590,2,804,768,786,0,30,210000
5,2,2,1728,2,0,1728,1728,0,0,188000
7,2,1,1242,1,0,1242,1242,1,0,175500
5,3,1,1344,1,720,624,624,0,0,98000
4,2,1,1663,1,0,1364,1663,2,137,256000
8,1,1,1666,1,833,588,833,1,63,161000
5,1,1,1203,1,224,709,979,1,0,110000
8,2,1,1935,2,1103,832,832,0,150,263435
7,2,1,1135,1,560,560,575,0,0,155000
5,1,1,864,1,0,864,864,1,0,62383
6,1,1,1660,1,811,715,849,1,0,188700
5,0,1,1040,2,0,1040,1040,0,0,124000
7,2,1,1414,2,0,1375,1414,1,20,178740
7,2,1,1277,1,0,1277,1277,1,0,167000
5,1,1,1644,1,756,728,888,2,0,146500
8,3,1,1634,2,0,1626,1634,1,44,250000
6,2,1,1710,2,878,832,832,0,70,187000
8,2,1,1502,1,0,1488,1502,0,54,212000
7,2,1,1969,2,808,808,1161,1,0,190000
6,2,1,1072,1,0,547,1072,0,28,148000
8,3,1,1976,2,0,1976,1976,1,63,440000
8,2,1,1652,2,0,1494,1652,0,48,251000
5,2,1,970,1,0,970,970,0,24,132500
6,2,1,1493,2,0,1478,1493,1,39,208900
9,3,1,2643,2,574,2153,2069,1,84,380000
8,3,1,1718,2,0,1705,1718,1,44,297000
4,2,1,1131,1,0,907,1131,0,72,89471
9,3,1,1850,2,0,1833,1850,1,112,326000
9,3,1,1792,2,0,1792,1792,1,49,374000
7,1,1,1826,1,910,910,916,1,0,155000
6,2,1,1216,2,0,1216,1216,0,125,164000
5,1,1,999,1,0,999,999,0,132,132500
5,1,1,1113,1,0,1113,1113,1,80,147000
5,2,1,1073,1,0,1073,1073,0,0,156000
5,2,1,1484,2,0,1484,1484,1,0,175000
5,2,2,2414,2,648,954,1766,1,0,160000
4,1,1,630,1,0,630,630,0,0,86000
5,1,1,1304,1,688,264,616,1,24,115000
6,1,1,1578,1,620,806,958,2,0,133000
6,2,1,1456,2,728,728,728,0,0,172785
5,1,1,1269,1,0,1269,1269,1,0,155000
5,1,1,886,1,0,190,886,0,20,91300
4,0,1,720,1,0,720,720,0,523,34900
8,2,1,3228,3,0,3200,3228,1,75,430000
7,1,1,1820,2,687,1026,1133,0,100,184000
5,1,1,899,1,0,864,899,0,0,130000
5,1,1,912,1,0,912,912,0,285,120000
6,1,1,1218,1,546,672,672,0,28,113000
7,2,1,1768,2,902,866,866,0,108,226700
5,2,1,1214,1,0,1214,1214,0,0,140000
7,2,1,1801,2,0,1501,1801,2,54,289000
6,2,1,1322,2,467,855,855,1,0,147000
5,2,2,1960,2,1000,960,960,0,0,124500
8,2,1,1911,2,846,777,1065,1,81,215000
6,2,1,1218,2,0,1218,1218,0,102,208300
7,2,1,1378,2,689,689,689,1,0,161000
5,1,1,1041,1,0,1041,1041,0,88,124500
5,1,1,1363,1,0,1008,1363,2,42,164900
7,2,1,1368,2,0,1368,1368,1,35,202665
5,2,1,864,1,0,864,864,0,0,129900
6,2,1,1080,1,0,1084,1080,0,0,134000
5,1,1,789,1,0,768,789,0,0,96500
10,3,1,2020,2,0,2006,2020,1,54,402861
6,2,1,2119,2,741,689,1378,1,104,158000
7,3,1,2344,2,1067,1264,1277,1,0,265000
6,2,1,1796,2,914,794,882,0,36,211000
7,1,1,2080,1,804,1276,1276,2,0,234000
4,0,2,1294,2,600,0,694,0,114,106250
6,1,1,1244,1,0,1244,1244,2,40,150000
6,2,1,1664,2,660,1004,1004,2,24,159000
10,3,1,4676,3,1538,3138,3138,1,406,184750
7,3,1,2398,2,1015,1379,1383,1,60,315750
7,2,1,1266,2,0,1257,1266,1,144,176000
5,1,1,928,1,0,928,928,0,0,132000
9,3,1,2713,2,1237,1452,1476,1,66,446261
4,0,1,605,1,0,528,605,0,0,86000
6,2,2,2515,3,0,2035,2515,2,0,200624
6,2,1,1509,2,0,1461,1509,1,0,175000
6,2,1,1362,2,611,611,751,0,0,128000
5,1,1,827,1,0,0,827,1,0,107500
1,0,1,334,1,0,0,334,0,0,39300
8,2,1,1414,2,707,707,707,1,35,178000
5,0,1,1347,1,527,1117,820,0,0,107500
7,2,1,1724,2,844,880,880,0,155,188000
4,2,1,864,1,0,864,864,0,0,111250
5,1,1,1159,1,0,1051,1159,1,0,158000
8,2,1,1601,2,0,1581,1601,1,0,272000
9,3,1,1838,2,0,1838,1838,1,68,315000
8,3,1,2285,2,1288,969,997,1,56,248000
7,2,1,1680,2,0,1650,1680,1,73,213250
7,1,1,767,1,0,723,767,0,40,133000
7,2,1,1496,2,832,654,664,1,24,179665
7,3,1,2183,2,806,1204,1377,0,0,229000
6,2,1,1635,1,720,1065,915,1,38,210000
5,2,1,768,1,0,768,768,0,0,129500
5,2,1,825,1,0,825,825,0,50,125000
7,2,1,2094,2,1182,912,912,1,182,263000
6,2,1,1069,2,0,1069,1069,0,55,140000
5,1,1,928,1,0,928,928,0,0,112500
8,3,1,1717,2,0,1709,1717,1,39,255500
4,2,1,1126,2,0,0,1126,0,96,108000
7,3,1,2046,2,1040,998,1006,1,62,284000
5,1,1,1048,1,0,993,1048,1,0,113000
5,1,1,1092,1,0,1092,1092,1,0,141000
4,1,1,1336,1,439,637,897,0,47,108000
7,2,1,1446,2,717,729,729,1,22,175000
7,2,1,1557,2,0,1374,1557,1,20,234000
5,2,1,1392,1,0,1392,1392,1,0,121500
5,2,1,1389,1,0,1389,1389,1,38,170000
5,0,1,996,1,0,996,996,1,0,108000
6,2,1,1674,2,511,1163,1163,1,36,185000
7,2,1,2295,2,1129,1095,1166,1,40,268000
6,1,1,1647,1,806,806,841,0,66,128000
9,3,1,2504,2,1370,1122,1134,1,39,325000
7,2,1,1535,2,0,1517,1535,0,0,214000
8,2,1,2132,1,636,1496,1496,1,40,316600
5,2,1,943,1,0,943,943,2,0,135960
5,2,2,1728,2,0,1728,1728,0,0,142600
6,1,1,864,1,0,864,864,0,0,120000
7,2,1,1692,2,846,846,846,0,114,224500
7,2,1,1430,2,656,384,774,1,0,170000
5,1,1,1109,1,533,372,576,0,0,139000
5,1,1,1216,1,384,832,832,0,0,118500
7,1,1,1477,2,600,861,877,1,50,145000
5,2,1,1320,1,0,1164,1320,2,68,164500
7,2,1,1392,2,689,689,703,0,102,146000
5,1,1,1795,2,745,1050,1050,0,0,131500
6,2,1,1429,1,0,1144,1429,2,110,181900
8,3,1,2042,2,0,2042,2042,1,90,253293
6,0,1,816,1,0,816,816,0,32,118500
10,2,1,2775,3,1254,1237,1521,1,502,325000
4,1,1,1573,1,584,884,989,0,0,133000
8,3,1,2028,2,0,1868,2028,2,66,369900
6,1,1,838,1,0,816,838,0,0,130000
5,2,1,860,1,0,840,860,0,0,137000
5,1,1,1473,1,0,1437,1473,2,48,143000
5,1,1,935,1,0,742,779,0,0,79500
7,2,1,1582,2,812,770,770,0,45,185900
10,3,1,2296,2,568,1722,1728,1,274,451950
5,2,1,816,1,0,816,816,0,0,138000
6,2,1,848,1,0,848,848,0,0,140000
5,1,1,924,1,0,924,924,0,0,110000
8,3,1,1826,2,0,1814,1826,1,75,319000
6,1,1,1368,1,684,684,684,0,158,114504
7,3,1,1402,0,0,1258,1402,1,16,194201
5,2,1,1647,2,0,1430,1647,1,0,217500
6,2,1,1556,2,840,716,716,1,0,151000
8,2,1,1904,2,846,1058,1058,1,60,275000
6,1,1,1375,1,595,780,780,1,162,141000
8,2,1,1915,2,988,908,927,1,150,220000
7,2,1,1200,2,600,600,600,0,172,151000
7,2,1,1494,2,0,1494,1494,1,36,221000
7,2,1,1986,2,800,768,1186,3,42,205000
5,2,1,1040,1,0,1040,1040,0,0,152000
5,1,1,2008,3,896,896,1112,0,0,225000
8,2,1,3194,2,1254,965,1940,2,0,359100
4,1,1,1029,1,0,1029,1029,0,0,118500
9,3,1,2153,2,677,1440,1476,2,142,313000
6,2,1,1032,2,0,1032,1032,1,0,148000
8,2,1,1872,2,573,1299,1299,1,122,261500
5,0,1,1120,1,0,1120,1120,0,30,147000
4,0,1,630,1,0,630,630,0,24,75500
6,2,1,1054,1,0,936,1054,0,0,137500
6,2,1,1509,2,702,783,807,1,75,183200
6,2,1,832,1,0,832,832,0,0,105500
9,3,1,1828,2,0,1822,1828,1,108,314813
8,3,1,2262,2,780,1482,1482,2,0,305000
3,0,1,864,1,0,864,864,0,0,67000
6,2,1,2614,2,1066,1522,1548,1,243,240000
5,2,1,980,1,0,980,980,0,0,135000
6,2,1,1512,2,756,756,756,1,32,168500
6,2,1,1790,1,778,732,1012,1,0,165150
6,2,1,1116,1,0,1116,1116,0,0,160000
5,1,1,1422,1,0,978,1422,1,0,139900
6,1,1,1520,1,0,1156,1520,2,0,153000
5,2,1,2080,1,1040,1040,1040,2,0,135000
6,2,1,1350,1,0,1248,1350,0,0,168500
5,1,1,1750,1,661,636,1089,0,0,124000
8,2,1,1554,2,0,1554,1554,1,73,209500
7,2,1,1411,2,0,1386,1411,1,0,82500
5,1,1,1056,1,0,1056,1056,0,0,139400
6,2,2,1056,0,0,1056,1056,0,56,144000
6,0,2,3395,2,1440,1440,1440,0,110,200000
2,0,1,800,1,0,264,800,1,0,60000
5,1,2,1387,2,576,811,811,0,0,93000
5,0,1,796,1,0,796,796,0,0,85000
8,3,1,1567,2,0,1520,1567,1,0,264561
8,2,1,1518,1,0,1518,1518,1,140,274000
7,2,1,1929,2,872,1057,1057,1,235,226000
8,2,1,2704,2,704,1952,2000,3,111,345000
5,2,1,1620,2,840,780,780,0,0,152000
9,3,1,1766,2,0,1766,1766,1,130,370878
6,2,1,981,1,0,981,981,0,312,143250
5,2,1,1048,1,0,0,1048,0,27,98300
6,2,1,1094,1,0,1094,1094,2,0,155000
6,2,1,1839,1,788,756,1051,1,124,155000
4,0,1,630,1,0,630,630,0,0,84500
7,2,1,1665,2,843,813,822,0,0,205950
4,1,1,1510,1,755,755,755,1,0,108000
7,2,1,1716,2,807,880,909,1,120,191000
6,1,1,1469,1,713,756,756,0,0,135000
8,3,1,2113,2,0,2109,2113,1,46,350000
6,1,1,1092,1,567,525,525,0,0,88000
5,1,1,1053,1,0,1053,1053,0,0,145500
7,1,1,1502,1,651,776,851,1,0,149000
6,1,1,1458,1,546,912,912,1,0,97500
5,2,1,1486,1,0,1486,1486,0,0,167000
7,2,1,1935,2,793,793,1142,1,113,197900
8,3,1,2448,2,762,1629,1686,1,76,402000
6,2,1,1392,1,0,1392,1392,2,0,110000
4,2,1,1181,2,0,1138,1181,0,0,137500
8,3,1,2097,1,0,2077,2097,1,267,423000
8,2,1,1936,2,482,1406,1454,1,124,230500
6,2,1,2380,2,915,1021,1465,1,265,129000
6,2,1,1679,2,0,1408,1679,1,42,193500
5,2,1,1437,1,0,1188,1437,1,0,168000
4,1,1,1180,1,0,700,1180,1,0,137500
6,2,1,1476,2,738,738,738,0,35,173500
6,1,1,1369,2,672,672,697,0,0,103600
6,2,1,1208,1,0,1208,1208,1,42,165000
6,2,1,1839,2,0,1477,1839,2,87,257500
6,1,1,1136,1,0,1136,1136,1,0,140000
6,2,1,1441,2,586,855,855,1,0,148500
4,3,2,1774,2,679,1095,1095,0,0,87000
5,1,1,792,1,0,768,792,0,0,109500
8,3,1,2046,2,0,2046,2046,1,82,372500
5,2,1,988,1,0,988,988,0,0,128500
6,1,1,923,2,0,923,923,1,0,143000
5,1,1,1520,1,672,793,848,0,0,159434
6,2,1,1291,1,0,1291,1291,1,0,173000
9,3,1,1668,2,0,1626,1668,1,45,285000
7,2,1,1839,2,644,1195,1195,0,81,221000
7,2,1,2090,2,900,1190,1190,1,0,207500
7,2,1,1761,3,887,874,874,0,105,227875
7,2,1,1102,2,551,551,551,0,60,148800
8,2,1,1419,2,0,1419,1419,1,0,392000
6,2,1,1362,2,0,1362,1362,1,28,194700
6,2,1,848,1,0,848,848,1,0,141000
10,3,1,4316,3,1872,2444,2444,2,50,755000
7,2,1,2519,2,1281,1210,1238,2,27,335000
5,1,1,1073,1,0,1073,1073,0,0,108480
5,2,1,1539,1,472,927,1067,0,0,141500
6,2,1,1137,2,0,1112,1137,1,0,176000
5,1,1,616,1,0,616,616,0,0,89000
5,1,1,1148,1,0,980,1148,0,0,123500
5,1,1,894,1,0,894,894,1,144,138500
7,2,1,1391,2,0,1391,1391,0,158,196000
8,3,1,1800,2,0,1800,1800,1,78,312500
7,2,1,1164,1,0,1164,1164,0,0,140000
8,3,1,2576,2,1312,1234,1264,1,100,361919
5,2,2,1812,2,780,360,1032,1,0,140000
7,2,1,1484,2,0,1473,1484,0,35,213000
4,0,2,1092,2,720,0,372,0,0,55000
7,2,1,1824,2,0,1643,1824,2,48,302000
8,2,1,1324,2,0,1324,1324,1,38,254000
7,2,1,1456,2,728,728,728,1,24,179540
5,1,1,904,1,0,876,904,0,0,109900
3,0,1,729,1,0,270,729,0,0,52000
4,1,1,1178,1,319,859,859,0,0,102776
8,2,1,1228,2,0,1228,1228,1,120,189000
4,2,1,960,1,0,960,960,0,288,129000
6,2,1,1479,2,754,725,725,0,44,130500
6,2,1,1350,2,0,1064,1350,1,0,165000
7,2,1,2554,1,978,718,1576,0,48,159500
5,2,1,1178,1,0,1176,1178,1,0,157000
7,3,1,2418,2,1093,1311,1325,1,154,341000
5,1,1,971,1,0,971,971,1,0,128500
8,2,1,1742,2,0,1742,1742,1,28,275000
6,2,1,848,1,0,848,848,0,0,143000
4,2,1,864,1,0,864,864,0,0,124500
4,1,1,1470,2,473,941,997,0,0,135000
9,3,1,1698,2,0,1698,1698,1,64,320000
4,2,1,864,1,0,864,864,0,0,120500
6,2,1,1680,2,0,880,1680,1,44,222000
7,2,1,1232,2,0,1232,1232,0,0,194500
5,3,2,1776,2,0,1584,1776,0,25,110000
4,2,1,1208,1,0,780,848,0,23,103000
8,2,1,1616,2,0,1595,1616,1,152,236500
7,2,1,1146,2,0,868,1146,1,22,187500
7,2,1,2031,2,878,1153,1153,1,84,222500
5,1,1,1144,1,0,864,1144,1,0,131400
5,1,1,948,1,0,948,948,0,0,108000
7,2,1,1768,1,888,880,880,2,341,163000
3,2,2,1040,2,0,0,1040,0,0,93500
8,3,1,1801,2,900,893,901,1,116,239900
5,0,1,1200,3,0,1200,1200,0,0,179000
7,2,1,1728,2,864,864,864,0,56,190000
5,2,1,1432,2,664,264,768,0,0,132000
6,1,1,912,1,0,912,912,0,0,142000
7,2,1,1349,2,0,1349,1349,0,55,179000
5,2,1,1464,2,0,520,1464,1,0,175000
8,2,1,1337,2,0,1337,1337,1,0,180000
8,2,1,2715,3,1540,1142,1175,2,204,299800
7,2,1,2256,2,1276,952,980,1,54,236000
7,4,1,2640,1,1320,1240,1320,1,0,265979
7,2,1,1720,2,0,1720,1720,1,56,260400
4,1,1,1529,2,441,0,1088,0,0,98000
4,0,1,1140,1,348,576,792,0,160,96500
7,2,1,1320,2,660,660,660,0,48,162000
6,2,1,1494,2,0,1479,1494,0,27,217000
8,3,1,2098,2,1060,1030,1038,1,52,275500
6,2,1,1026,1,0,1026,1026,0,48,156000
6,2,1,1471,2,729,729,742,0,24,172500
8,2,1,1768,2,902,866,866,0,105,212000
6,2,1,1386,2,714,672,672,1,0,158900
7,2,1,1501,2,744,744,757,0,0,179400
8,3,1,2531,2,1203,1318,1328,1,98,290000
6,1,1,864,1,0,864,864,0,0,127500
5,2,1,1301,1,0,1145,1301,0,0,100000
7,2,1,1547,2,783,756,764,0,45,215200
8,3,1,2365,2,1097,1252,1268,1,128,337000
8,2,1,1494,1,0,1494,1494,1,30,270000
9,2,1,1506,2,0,1498,1506,1,174,264132
7,2,1,1714,2,734,980,980,1,66,196500
6,1,1,1750,2,767,983,983,0,0,160000
7,2,1,1836,2,0,1860,1836,1,33,216837
8,3,1,3279,3,1589,1650,1690,1,36,538000
5,2,1,858,1,0,858,858,0,0,134900
4,2,1,1220,1,0,836,1220,0,0,102000
6,2,1,1117,1,0,1029,1117,1,0,107000
5,1,1,912,1,0,912,912,0,0,114500
8,3,1,1973,2,0,1935,1973,1,45,395000
6,2,1,1204,2,0,1204,1204,0,247,162000
7,3,1,1614,2,0,1614,1614,0,59,221500
5,2,1,894,1,0,864,894,1,0,142500
5,2,2,2020,2,0,0,2020,2,0,144000
6,2,1,1004,1,0,975,1004,0,0,135000
7,2,1,1253,2,0,1237,1253,1,21,176000
6,2,1,1603,2,793,761,810,0,124,175900
7,2,1,1430,2,0,1413,1430,0,33,187100
5,2,1,1110,1,0,1097,1110,1,30,165500
6,0,1,1484,2,742,742,742,1,291,128000
6,2,1,1342,2,0,1372,1342,1,0,161500
5,1,1,1652,2,686,686,966,0,0,139000
7,2,1,2084,2,1128,956,956,0,45,233000
4,1,1,901,1,0,901,901,0,0,107900
6,2,1,2087,2,1111,832,976,0,168,187500
7,2,1,1145,2,0,1145,1145,1,16,160200
6,2,1,1062,1,0,1029,1062,2,0,146800
7,2,1,2013,2,886,1117,1127,1,130,269790
8,2,1,1496,2,0,1496,1496,0,130,225000
7,2,1,1895,2,809,712,1086,1,46,194500
6,2,1,1564,2,676,650,888,1,50,171000
6,2,1,1285,1,0,660,1285,1,0,143500
5,1,1,773,1,0,773,773,0,0,110000
9,3,1,3140,3,1174,1926,1966,2,78,485000
5,1,1,1768,1,787,731,981,2,0,175000
6,2,1,1688,2,1072,616,616,0,114,200000
4,2,1,1196,1,0,1196,1196,0,0,109900
7,2,1,1456,2,728,728,728,1,18,189000
9,3,1,2822,3,1088,1734,1734,1,170,582933
5,1,1,1128,1,0,936,1128,0,0,118000
7,2,1,1428,2,0,1417,1428,0,60,227680
5,1,1,980,2,0,980,980,0,0,135500
5,2,1,1576,1,504,1324,1072,1,312,223500
5,2,1,1086,1,0,1024,1086,1,0,159950
5,2,3,2138,2,1063,849,1075,0,156,106000
6,2,1,1309,1,0,1040,1309,1,0,181000
6,2,1,848,1,0,848,848,1,0,144500
5,2,1,1044,1,0,540,1044,0,0,55993
6,1,1,1442,1,0,1442,1442,0,0,157900
5,1,1,1250,1,564,686,686,0,0,116000
7,2,1,1661,2,0,1649,1661,0,34,224900
5,1,1,1008,1,0,1008,1008,1,0,137000
8,3,1,1689,2,0,1568,1689,2,59,271000
6,2,1,1052,1,0,1010,1052,0,0,155000
7,2,1,1358,2,0,1358,1358,1,35,224000
7,2,1,1640,2,842,798,798,0,45,183000
4,2,1,936,1,0,936,936,0,32,93000
7,2,1,1733,2,886,847,847,1,48,225000
6,1,1,1489,2,545,778,944,1,0,139500
8,2,1,1489,2,0,1489,1489,1,140,232600
10,3,1,2084,2,0,2078,2084,1,45,385000
5,0,1,784,1,0,784,784,0,0,109500
7,2,1,1434,2,0,1454,1434,1,39,189000
5,2,1,2126,2,966,1013,1160,0,0,185000
7,2,1,1223,2,623,600,520,0,166,147400
6,2,1,1392,1,0,1392,1392,2,0,166000
7,2,1,1200,2,600,600,520,0,166,151000
7,2,1,1829,2,888,941,941,1,39,237000
6,2,1,1516,1,0,1516,1516,0,0,167000
5,2,1,1144,1,0,1144,1144,0,0,139950
4,2,1,1067,2,0,1067,1067,0,0,128000
5,2,1,1559,1,0,1559,1559,0,116,153500
6,1,1,987,1,504,483,483,0,0,100000
5,1,1,1099,1,0,1099,1099,0,0,144000
5,1,1,1200,1,432,768,768,0,0,130500
6,1,1,1482,2,672,672,810,0,0,140000
5,2,1,1539,2,581,650,958,1,78,157500
6,2,1,1165,1,0,1127,1165,0,129,174900
5,0,2,1800,2,0,1800,1800,0,0,141000
5,3,1,1416,1,540,876,876,1,0,153900
5,2,1,1701,2,0,1390,1701,2,0,171000
7,2,1,1775,2,769,740,1006,1,72,213000
5,1,1,864,1,0,864,864,1,0,133500
6,2,1,2358,3,1051,907,1307,1,40,240000
6,2,1,1855,2,761,528,1094,1,100,187000
6,2,1,848,1,0,848,848,0,0,131500
8,2,1,1456,2,0,1273,1456,1,20,215000
7,1,1,1646,2,728,918,918,2,0,164000
6,2,1,1445,1,0,1127,1445,1,0,158000
5,2,1,1779,1,0,1763,1779,1,418,170000
5,1,1,1040,1,0,1040,1040,0,104,127000
6,2,1,1026,1,0,940,1026,0,0,147000
6,2,1,1481,2,779,702,702,1,36,174000
7,2,1,1370,2,0,1090,1370,1,0,152000
6,2,1,2654,2,1142,1054,1512,1,65,250000
7,1,1,1426,1,514,912,912,1,240,189950
5,2,1,1039,1,0,1039,1039,0,0,131500
6,2,1,1097,2,0,1040,1097,0,0,152000
5,1,1,1148,1,0,1148,1148,0,0,132500
7,2,1,1372,2,0,1372,1372,0,140,250580
5,2,1,1002,1,0,1002,1002,0,0,148500
8,3,1,1646,2,0,1638,1646,1,80,248900
4,2,1,1120,1,0,1040,1120,0,0,129000
5,2,1,2320,2,720,0,1547,1,144,169000
7,2,1,1949,2,887,1050,1062,1,90,236000
5,1,1,894,1,0,894,894,0,0,109500
6,2,1,1682,2,878,804,804,0,77,200500
5,2,1,910,1,0,105,910,0,0,116000
5,1,1,1268,1,0,832,1036,1,28,133000
5,1,1,1131,1,455,676,676,0,0,66500
8,2,1,2610,2,1426,1184,1184,1,364,303477
4,2,1,1040,1,0,1064,1040,0,0,132250
9,3,1,2224,2,762,1462,1462,1,0,350000
5,2,1,1155,1,0,1109,1155,0,0,148000
5,1,1,864,1,0,864,864,0,0,136500
5,2,1,1090,1,0,1090,1090,0,49,157000
7,2,1,1717,2,530,1156,1187,1,36,187500
6,2,1,1593,2,785,808,808,1,40,178000
4,1,1,2230,1,795,795,954,0,188,118500
5,1,1,892,1,0,892,892,0,0,100000
9,2,1,1709,2,0,1698,1709,1,65,328900
5,2,2,1712,2,0,1626,1712,0,54,145000
5,1,1,1393,1,521,816,872,0,0,135500
8,2,1,2217,2,0,2217,2217,1,207,268000
6,2,1,1505,1,0,1505,1505,1,0,149500
5,2,1,924,1,252,672,672,1,0,122900
6,2,1,1683,2,765,918,918,1,0,172500
6,1,1,1068,1,0,1059,1068,0,0,154500
5,1,1,1383,1,0,1383,1383,1,116,165000
5,2,2,1535,2,0,0,1535,0,0,118858
6,2,1,1796,1,813,780,983,1,50,140000
4,1,1,951,1,0,951,951,0,28,106500
5,2,2,2240,2,1120,0,1120,0,0,142953
9,3,1,2364,2,0,2330,2364,2,67,611657
5,1,1,1236,1,0,912,1236,1,0,135000
4,1,1,858,1,0,858,858,0,0,110000
5,1,1,1306,1,0,992,1306,0,0,153000
7,2,1,1509,2,702,783,807,1,75,180000
7,3,1,1670,2,0,1670,1670,1,60,240000
5,1,1,902,1,0,876,902,0,0,125500
5,1,1,1063,1,0,1056,1063,0,0,128000
8,3,1,1636,2,0,1623,1636,1,60,255000
7,1,1,2057,1,1037,1017,1020,1,0,250000
5,2,1,902,1,0,864,902,0,0,131000
6,2,1,1484,2,742,742,742,1,24,174000
5,2,2,2274,2,1169,1105,1105,0,0,154300
5,1,1,1268,1,0,1268,1268,0,0,143500
5,1,1,1015,1,0,768,1015,0,0,88000
5,3,2,2002,2,1001,1001,1001,0,0,145000
6,2,1,1224,2,612,612,612,0,234,173733
4,1,1,1092,1,546,546,546,0,0,75000
2,1,1,480,0,0,480,480,0,0,35311
4,1,1,1229,1,0,1134,1229,0,0,135000
7,3,1,2127,2,1215,1104,912,1,192,238000
6,2,1,1414,1,0,1184,1414,1,51,176500
6,2,1,1721,2,785,928,936,0,87,201000
5,0,2,2200,2,928,1272,1272,0,70,145900
6,2,1,1316,2,0,1316,1316,1,0,169990
6,2,1,1617,2,0,1604,1617,1,69,193000
6,2,1,1686,2,0,1686,1686,1,131,207500
5,2,1,1126,2,0,1126,1126,0,0,175000
8,3,1,2374,2,1140,1181,1234,1,100,285000
7,2,1,1978,2,880,832,1098,1,43,176000
8,2,1,1788,2,0,1753,1788,1,151,236500
7,2,1,2236,2,1243,964,993,1,0,222000
8,3,1,1466,2,0,1466,1466,0,18,201000
5,1,1,925,1,0,925,925,0,0,117500
9,3,1,1905,2,0,1905,1905,1,191,320000
7,2,1,1500,2,0,1500,1500,0,36,190000
7,2,1,2069,2,0,585,2069,1,0,242000
4,2,1,747,1,0,600,747,0,0,79900
7,2,1,1200,2,0,1176,1200,0,41,184900
7,2,1,1971,2,858,1113,1113,1,48,253000
7,3,1,1962,2,571,1391,1391,0,90,239799
7,1,1,2403,2,1196,1032,1207,2,0,244400
6,2,2,1728,2,0,1728,1728,0,0,150900
7,2,1,2060,2,1038,992,1022,1,0,214000
4,0,2,1440,2,0,1440,1440,0,0,150000
5,2,2,1632,2,0,1632,1632,0,0,143000
6,2,1,1344,1,0,819,1344,1,118,137500
5,2,1,1869,1,561,1088,1188,0,0,124900
5,1,1,1144,1,0,1144,1144,1,0,143000
8,3,1,1629,2,0,1616,1629,1,252,270000
7,2,1,1776,2,840,936,936,1,96,192500
6,2,1,1381,1,0,1161,1381,1,0,197500
5,2,1,864,1,0,864,864,0,0,129000
5,1,1,965,1,0,828,965,0,0,119900
5,1,1,768,1,0,768,768,0,0,133900
5,2,1,1968,2,800,784,1168,1,189,172000
6,0,0,980,2,0,945,980,0,0,127500
6,2,2,1958,2,979,979,979,0,0,145000
6,2,1,1229,1,668,561,561,1,0,124000
5,2,1,1057,1,0,1057,1057,0,0,132000
7,2,1,1337,2,0,1337,1337,0,39,185000
7,2,1,1416,2,720,696,696,0,44,155000
5,0,1,858,1,0,858,858,0,0,116500
6,2,1,2872,2,1330,1330,1542,1,282,272000
6,2,1,1548,2,744,804,804,1,0,155000
9,2,1,1800,2,0,1800,1800,0,136,239000
7,2,1,1894,2,1070,817,824,1,40,214900
6,2,1,1484,2,701,783,783,1,72,178900
5,1,1,1308,1,332,728,976,2,70,160000
5,1,1,1098,1,0,1098,1098,0,0,135000
3,0,1,968,1,368,600,600,0,0,37900
6,1,1,1095,1,0,588,1095,0,0,140000
4,0,1,1192,1,472,720,720,0,0,135000
7,2,1,1626,2,862,764,764,0,27,173000
6,1,1,918,2,0,918,918,1,0,99500
7,2,1,1428,2,0,1428,1428,0,120,182000
7,2,1,2019,1,883,728,1136,0,135,167500
7,2,1,1382,2,709,673,673,0,50,165000
4,0,1,869,1,0,440,869,0,0,85500
7,2,1,1241,1,0,1241,1241,0,116,199900
4,2,1,894,1,0,894,894,0,0,110000
5,2,1,1121,1,0,1121,1121,0,80,139000
7,2,1,999,1,0,944,999,0,76,178400
8,3,1,2612,2,1336,1225,1276,1,0,336000
7,2,1,1266,2,0,1266,1266,1,16,159895
8,2,1,2290,2,1141,1128,1149,1,0,255900
5,2,2,1734,2,432,0,1302,0,0,126000
5,1,1,1164,1,0,1164,1164,0,48,125000
6,1,1,1635,1,634,485,1001,0,0,117000
9,3,1,1940,2,0,1930,1940,1,95,395192
6,2,1,2030,2,912,848,1118,1,224,195000
7,2,1,1576,2,798,770,778,0,50,197000
8,3,1,2392,2,985,1396,1407,1,70,348000
8,2,1,1742,1,826,916,916,1,169,168000
6,2,1,1851,2,831,822,1020,1,42,187000
6,2,1,1500,2,750,750,750,0,35,173900
10,3,1,1718,2,0,1700,1718,1,48,337500
4,1,1,1230,1,456,747,774,0,57,121600
5,1,1,1050,1,0,1050,1050,0,319,136500
6,2,1,1442,2,0,1442,1442,1,0,185000
3,1,1,1077,1,0,1007,1077,1,100,91000
7,2,1,1208,2,0,1187,1208,0,61,206000
3,2,1,944,1,0,0,944,0,0,82000
5,1,1,691,1,0,691,691,0,20,86000
8,3,1,1574,2,0,1574,1574,1,104,232000
5,2,2,1680,2,0,1680,1680,0,0,136905
7,2,1,1504,2,0,1346,1504,1,0,181000
5,1,1,985,2,0,985,985,0,0,149900
6,2,1,1657,2,0,1657,1657,1,0,163500
4,1,1,1092,1,546,546,546,0,0,88000
7,2,1,1710,2,0,1710,1710,1,48,240000
5,0,1,1522,2,0,1008,1008,0,0,102000
5,1,1,1271,2,551,720,720,1,0,135000
5,0,2,1664,2,0,0,1664,0,0,100000
6,1,1,1502,1,602,602,900,2,0,165000
5,1,1,1022,1,0,1022,1022,0,30,85000
6,1,1,1082,1,0,1082,1082,1,130,119200
8,2,1,1665,2,855,810,810,0,45,227000
7,2,1,1504,2,0,1504,1504,1,66,203000
8,2,1,1360,1,0,1220,1360,1,0,187500
7,2,1,1472,2,670,384,802,1,0,160000
7,2,1,1506,2,0,1362,1506,1,20,213490
4,2,1,1132,1,0,1132,1132,0,64,176000
7,2,1,1220,2,0,1199,1220,0,54,194000
5,1,1,1248,1,336,912,912,0,0,87000
7,2,1,1504,2,0,1346,1504,1,20,191000
8,2,1,2898,2,0,1565,2898,1,72,287000
5,2,1,882,1,0,882,882,0,0,112500
5,2,1,1264,1,0,1268,1264,2,0,167500
8,3,1,1646,2,0,1638,1646,1,44,293077
5,1,1,1376,1,408,768,968,1,0,105000
6,1,1,1218,1,546,672,672,0,28,118000
5,0,2,1928,2,980,686,948,0,0,160000
7,2,1,3082,2,998,824,1687,2,63,197000
8,3,1,2520,2,1168,1338,1352,1,55,310000
7,3,1,1654,2,0,1654,1654,0,136,230000
5,1,1,954,1,0,920,954,1,0,119750
4,1,1,845,1,0,0,845,0,0,84000
9,3,1,1620,2,0,1620,1620,1,0,315500
8,2,1,2263,2,1208,1055,1055,1,45,287000
4,0,1,1344,1,546,546,798,1,0,97000
4,1,1,630,1,0,630,630,0,0,80000
5,2,1,1803,2,0,1134,1803,1,0,155000
6,2,1,1632,1,832,800,800,0,40,173000
6,2,1,1306,2,0,1306,1306,1,63,196000
7,2,1,2329,2,797,1475,1532,1,121,262280
8,2,1,2524,2,0,2524,2524,1,120,278000
3,2,1,1733,2,0,0,1733,1,0,139600
9,3,1,2868,3,876,1992,1992,1,108,556581
5,2,1,990,1,0,990,990,0,0,145000
5,2,1,1771,1,0,0,1771,1,0,115000
4,1,1,930,1,0,0,930,0,0,84900
7,2,1,1302,2,0,1302,1302,0,22,176485
7,2,1,1316,2,0,1316,1316,1,20,200141
6,2,1,1977,1,850,816,1127,1,52,165000
5,1,1,1526,1,0,1216,1526,1,78,144500
8,2,1,1989,2,898,1065,1091,1,60,255000
6,2,1,1523,2,0,1193,1523,1,0,180000
7,2,1,1364,2,0,1364,1364,1,36,185850
7,2,1,1850,2,871,973,979,1,98,248000
9,3,1,2184,2,1054,1104,1130,1,102,335000
6,2,1,1991,1,895,854,1096,1,0,220000
8,2,1,1338,2,0,1338,1338,0,0,213500
3,3,1,894,1,0,894,894,0,20,81000
5,2,2,2337,2,915,662,1422,0,57,90000
6,2,1,1103,1,0,1103,1103,1,120,110500
5,2,1,1154,1,0,1154,1154,1,58,154000
7,2,1,2260,2,954,1306,1306,0,44,328000
6,2,1,1571,2,772,799,799,1,40,178000
6,2,1,1611,1,813,780,798,0,128,167900
6,2,1,2521,2,1230,942,1291,1,20,151400
5,2,1,893,1,0,845,893,0,0,135000
5,1,1,1048,1,0,1048,1048,0,20,135000
6,2,1,1556,1,727,727,829,0,0,154000
5,1,1,1456,1,454,810,1002,1,0,91500
6,2,1,1426,1,728,690,698,0,0,159500
7,3,1,1240,2,0,1240,1240,0,93,194000
7,1,1,1740,1,780,800,960,2,0,219500
5,2,1,1466,2,370,796,1096,1,21,170000
5,1,1,1096,1,0,1096,1096,0,32,138800
6,2,1,848,1,0,848,848,1,0,155900
5,1,1,990,1,0,990,990,0,64,126000
6,2,1,1258,2,0,1258,1258,0,0,145000
5,1,1,1040,1,0,1040,1040,0,0,133000
7,2,1,1459,2,0,1459,1459,1,39,192000
6,1,1,1251,1,0,1251,1251,2,116,160000
6,2,1,1498,2,807,691,691,1,44,187500
6,2,1,996,1,0,936,996,0,0,147000
4,1,1,1092,1,546,546,546,0,96,83500
8,3,1,1953,2,871,1082,1082,1,50,252000
7,2,1,1709,2,739,970,970,0,40,137500
8,2,1,1247,1,0,1247,1247,1,84,197000
3,2,2,1040,2,0,0,1040,0,0,92900
7,2,1,1252,2,628,600,624,0,48,160000
6,2,1,1694,2,304,1181,1390,1,0,136500
5,2,1,1200,1,0,864,1200,0,64,146000
5,1,1,936,1,0,936,936,0,0,129000
6,2,1,1314,2,0,1314,1314,1,22,176432
6,0,1,1355,1,582,684,773,0,0,127000
8,2,1,1088,1,0,1074,1088,0,74,170000
4,1,1,1324,1,567,672,757,0,0,128000
7,2,1,1601,2,0,1271,1601,1,0,157000
2,1,1,438,1,0,290,438,0,0,60000
5,1,1,950,1,0,950,950,0,0,119500
5,1,1,1134,1,0,1010,1134,0,16,135000
6,2,1,1194,1,0,655,1194,1,0,159500
5,2,1,1302,2,672,630,630,0,0,106000
8,2,1,2622,2,1122,1463,1500,2,32,325000
7,2,1,1442,2,0,910,1442,1,244,179900
7,2,1,2021,2,1134,868,887,1,100,274725
6,2,1,1690,2,742,924,948,1,48,181000
8,3,1,1836,2,0,1836,1836,1,185,280000
6,2,1,1658,2,885,773,773,1,84,188000
7,2,1,1964,2,866,803,1098,1,69,205000
5,1,1,816,1,0,816,816,0,0,129900
5,1,1,1008,1,0,1008,1008,0,18,134500
5,1,1,833,1,0,833,833,0,0,117000
8,3,1,1734,2,0,1734,1734,1,0,318000
8,2,1,1419,2,640,408,779,1,0,184100
5,2,1,894,1,0,894,894,0,0,130000
5,1,1,1601,1,580,533,1021,0,34,140000
5,1,1,1040,1,0,1040,1040,0,0,133700
6,1,1,1012,1,0,1012,1012,1,22,118400
7,3,1,1552,2,0,1552,1552,0,20,212900
4,1,1,960,1,0,672,960,0,0,112000
5,0,1,698,1,0,698,698,0,200,118000
7,2,1,1482,2,670,384,812,1,25,163900
4,2,1,1005,1,0,1005,1005,1,0,115000
7,3,1,1555,2,0,1373,1555,1,20,174000
7,3,1,1530,2,0,1530,1530,1,36,259000
7,2,1,1959,2,1112,847,847,1,48,215000
5,2,1,936,1,0,936,936,0,0,140000
4,2,1,1981,2,653,1122,1328,2,44,135000
5,0,1,974,1,0,974,974,0,28,93500
6,1,1,2210,2,1032,1008,1178,0,48,117500
8,2,1,2020,2,878,1128,1142,1,155,239500
6,2,1,1600,2,684,916,916,1,38,169000
6,1,1,986,1,0,960,986,1,128,102000
6,1,1,1252,1,220,1032,1032,0,0,119000
5,0,1,1020,1,240,780,780,0,0,94000
6,2,1,1567,2,0,1567,1567,2,32,196000
5,2,1,1167,1,0,915,1167,1,0,144000
5,2,1,952,1,0,952,952,0,0,139000
5,2,1,1868,2,780,780,1088,1,96,197500
8,3,1,2828,3,1362,1466,1466,1,144,424870
5,0,1,1006,1,0,1006,1006,0,24,80000
4,1,1,924,1,252,672,672,0,0,80000
5,1,1,1576,1,534,1042,1042,1,0,149000
6,2,1,1298,2,0,1298,1298,1,26,180000
7,1,1,1564,1,704,704,860,1,0,174500
7,1,1,1111,1,539,572,572,1,0,116900
7,2,1,1482,1,650,650,832,0,0,143000
6,1,1,932,1,0,932,932,1,0,124000
5,2,1,1466,1,0,1466,1466,2,140,149900
6,2,1,1811,1,0,1073,1811,1,0,230000
6,1,1,816,1,0,816,816,0,0,120500
7,2,1,1820,1,918,864,902,2,84,201800
5,2,1,1437,2,0,1437,1437,1,21,218000
5,2,1,1265,2,0,1219,1265,1,92,179900
7,2,1,1314,2,0,1314,1314,1,62,230000
8,3,1,1580,2,0,1580,1580,0,24,235128
6,2,1,1876,2,933,901,943,1,69,185000
6,2,1,1456,2,601,855,855,1,0,146000
6,2,1,1640,1,0,1296,1640,1,0,224000
5,2,1,894,1,0,894,894,1,0,129000
4,2,2,1258,0,0,1198,1258,0,0,108959
5,2,1,1432,1,0,1360,1432,1,180,194000
7,2,1,1502,2,0,1502,1502,0,114,233170
8,3,1,1694,2,0,1694,1694,0,33,245350
6,2,1,1671,2,712,959,959,1,38,173000
6,2,1,2108,2,872,1127,1236,2,0,235000
10,3,1,3627,3,1796,1930,1831,1,76,625000
6,1,1,1118,1,0,1096,1118,1,0,171000
6,2,1,1261,1,0,1261,1261,1,0,163000
7,2,1,1250,2,625,625,625,0,54,171900
5,0,1,3086,3,971,1598,1636,1,0,200500
6,2,1,2345,2,1175,952,1170,1,0,239000
8,2,1,2872,2,743,1683,2129,1,33,285000
5,1,1,923,1,0,876,923,0,0,119500
6,1,1,1224,1,406,818,818,0,0,115000
5,1,1,1343,1,523,731,820,1,0,154900
5,0,1,1124,1,0,0,1124,1,36,93000
7,2,1,2514,2,1216,1216,1298,0,0,250000
8,2,1,1652,2,0,1600,1652,1,53,392500
10,3,1,4476,3,2065,2396,2411,2,78,745000
5,2,1,1130,1,0,1120,1130,1,0,120000
5,3,1,1572,1,0,1572,1572,2,263,186700
5,1,1,1221,1,272,784,949,0,0,104900
3,2,2,1699,2,685,978,1014,0,74,95000
8,3,1,1624,2,0,1624,1624,1,114,262000
7,2,1,1660,2,829,831,831,0,68,195000
7,2,1,1804,2,776,994,1028,1,60,189000
4,4,1,1622,1,0,1249,1622,1,0,168000
8,2,1,1441,2,677,776,764,0,0,174000
5,1,1,1472,1,630,702,842,0,0,125000
6,2,1,1224,2,0,1224,1224,0,304,165000
6,1,1,1352,1,689,663,663,0,36,158000
6,2,1,1456,2,728,728,728,0,24,176000
7,3,1,1863,2,984,879,879,1,17,219210
7,1,1,1690,1,875,815,815,1,0,144000
7,2,1,1212,2,0,1212,1212,0,0,178000
4,2,1,1382,1,0,1051,1382,1,82,148000
4,1,1,864,1,0,864,864,0,0,116050
7,2,1,1779,2,913,866,866,0,36,197900
5,1,1,1348,1,464,884,884,1,0,117000
7,2,1,1630,2,0,1630,1630,1,234,213000
5,2,1,1074,1,0,1056,1074,0,88,153500
7,3,1,2196,2,0,2158,2196,1,70,271900
4,1,1,1056,1,0,1056,1056,0,42,107000
6,2,1,1700,2,0,1682,1700,0,23,200000
5,2,1,1283,1,0,931,1283,0,0,140000
8,2,1,1660,2,0,1660,1660,1,50,290000
6,2,1,1845,2,790,1055,1055,1,104,189000
8,2,1,1752,2,672,559,1080,0,12,164000
4,1,1,672,1,0,672,672,0,113,113000
4,1,1,960,0,0,648,960,0,0,145000
5,1,1,999,1,0,925,999,0,72,134500
5,1,1,894,1,0,894,894,0,0,125000
6,2,2,1902,2,584,0,1318,0,0,112000
8,2,1,1314,2,0,1300,1314,0,112,229456
4,0,1,912,1,240,0,672,0,0,80500
6,0,1,1218,1,546,672,672,0,0,91500
5,1,1,912,1,0,912,912,0,0,115000
5,1,1,1211,1,0,952,1211,1,63,134000
6,1,1,1846,2,678,1040,1168,1,0,143000
5,2,1,2136,2,0,2136,2136,0,30,137900
7,2,1,1490,2,702,788,788,1,75,184000
6,1,1,1138,1,0,588,1138,0,0,145000
6,3,1,1933,2,1039,894,894,1,18,214000
5,2,1,912,1,0,912,912,0,240,147000
9,3,1,1702,1,0,1702,1702,1,72,367294
5,1,1,1507,2,0,1075,1507,0,0,127000
5,2,2,2620,2,1259,1361,1361,1,24,190000
5,2,1,1190,1,0,1106,1190,0,18,132500
4,2,2,1224,2,0,0,1224,0,0,101800
5,2,1,1188,1,0,1188,1188,0,0,142000
5,0,1,1964,1,940,940,1024,0,192,130000
5,1,1,1784,1,892,747,892,0,40,138887
7,2,1,1626,2,862,764,764,0,27,175500
7,2,1,1948,2,1101,847,847,1,48,195000
6,2,1,1141,1,0,1141,1141,0,0,142500
8,2,1,1484,2,0,1476,1484,1,33,265900
7,2,1,1768,2,884,884,884,0,63,224900
7,3,1,1689,2,0,1689,1689,0,56,248328
7,2,1,1173,2,0,1053,1173,2,120,170000
10,3,1,2076,2,0,2076,2076,1,229,465000
8,2,1,1517,1,725,792,792,2,0,230000
6,2,1,1868,3,728,585,1140,1,112,178000
7,2,1,1553,2,797,756,756,0,45,186500
6,3,1,1034,1,0,1012,1034,0,0,169900
6,2,1,2058,1,924,735,1134,1,0,129500
5,1,1,988,1,0,876,988,0,80,119000
7,2,1,2110,2,0,2110,2110,2,0,244000
7,2,1,1405,2,0,1405,1405,1,36,171750
5,1,1,874,1,0,864,874,0,0,130000
7,2,1,2167,2,651,1192,1516,2,47,294000
7,2,1,1656,2,896,746,760,1,128,165400
6,1,1,1367,1,408,884,959,1,0,127500
8,2,1,1987,2,0,1986,1987,1,36,301500
5,0,1,864,1,0,864,864,0,96,99900
7,2,1,1166,2,0,856,1166,0,0,190000
6,2,1,1054,1,0,1054,1054,0,0,151000
6,2,1,1675,2,783,841,892,1,103,181000
5,1,1,1050,1,0,1050,1050,0,0,128900
4,1,1,1788,1,684,1104,1104,2,0,161500
6,2,1,1824,1,764,764,1060,1,0,180500
6,2,1,1337,2,0,1405,1337,0,68,181000
7,2,1,1452,2,739,691,713,0,34,183900
7,1,2,1889,1,925,925,964,1,0,122000
9,3,1,2018,2,0,2002,2018,1,76,378500
8,3,1,3447,3,1479,728,1968,2,12,381000
5,1,1,1524,1,650,874,874,0,0,144000
7,2,1,1524,0,192,1332,1332,1,0,260000
6,2,1,1489,2,0,1489,1489,1,0,185750
5,1,1,935,1,0,935,935,0,0,137000
6,1,1,1357,1,0,1019,1357,1,0,177000
5,2,1,1250,2,589,661,661,1,0,139000
5,2,2,1920,2,992,928,928,0,0,137000
6,2,1,1395,1,660,723,735,1,116,162000
6,2,1,1724,1,0,1680,1724,1,0,197900
8,2,1,2031,2,903,1128,1128,1,211,237000
4,2,1,1128,1,430,698,698,0,0,68400
7,2,1,1573,2,0,1573,1573,0,72,227000
7,2,1,1339,2,0,1309,1339,1,58,180000
5,2,1,1040,2,0,1040,1040,0,0,150500
6,0,2,1824,2,912,912,912,0,0,139000
6,1,1,2447,2,748,804,1699,1,0,169000
6,1,1,1412,1,587,780,825,1,0,132500
6,2,1,1328,1,0,1328,1328,2,26,143000
5,2,1,1582,2,0,1624,1582,0,198,190000
8,2,1,1659,2,0,1501,1659,1,59,278000
8,3,1,1970,2,850,1085,1120,1,74,281000
5,2,1,1152,1,0,1152,1152,1,0,180500
5,1,1,1302,2,672,630,630,0,0,119500
5,1,2,2372,2,994,994,1378,0,287,107500
7,2,1,1664,2,832,832,832,1,28,162900
5,2,1,864,1,0,864,864,0,0,115000
5,1,1,1052,1,0,1052,1052,0,0,138500
5,2,1,1128,2,0,1120,1128,0,20,155000
6,2,1,1072,2,0,547,1072,0,44,140000
10,2,1,5642,2,950,6110,4692,3,292,160000
5,1,1,1246,1,0,1246,1246,0,0,154000
7,2,1,1983,2,978,978,1005,1,0,225000
6,1,1,1494,1,741,771,753,2,0,177500
8,3,1,2526,2,1323,1165,1203,1,78,290000
7,3,1,1616,2,0,1616,1616,0,59,232000
7,2,1,1708,2,732,976,976,0,40,130000
9,2,1,1652,2,0,1652,1652,2,102,325000
7,2,1,1368,2,0,1368,1368,1,35,202500
5,2,1,990,1,0,990,990,0,64,138000
5,2,1,1122,1,0,924,1122,0,36,147000
6,2,1,1294,2,0,1278,1294,0,51,179200
7,2,1,1902,2,0,1902,1902,2,207,335000
7,2,1,1274,2,0,1274,1274,0,98,203000
8,2,1,2810,2,1357,1453,1453,1,0,302000
9,3,1,2599,2,1177,1393,1422,1,30,333168
4,1,1,948,1,0,948,948,1,36,119000
6,2,1,2112,2,1020,952,1092,2,0,206900
8,3,1,1630,2,0,1622,1630,1,42,295493
7,2,1,1352,2,0,1352,1352,1,241,208900
8,3,1,1787,2,0,1753,1787,1,150,275000
4,1,1,948,1,0,864,948,0,0,111000
6,2,1,1478,1,0,1478,1478,2,0,156500
3,1,1,720,1,0,0,720,0,0,72500
7,2,1,1923,2,862,750,1061,1,39,190000
4,0,1,708,1,0,420,708,0,0,82500
8,3,1,1795,2,0,1795,1795,1,49,147000
4,0,1,796,1,0,796,796,0,0,55000
3,0,1,774,1,0,544,774,0,0,79000
5,1,1,816,1,0,816,816,1,0,130500
6,2,1,2792,2,1208,1510,1584,2,547,256000
7,2,1,1632,2,677,935,955,1,28,176500
8,3,1,1588,2,0,1588,1588,1,45,227000
5,2,1,954,1,0,911,954,0,0,132500
4,1,1,816,1,0,816,816,1,0,100000
5,1,1,1360,1,557,803,803,0,65,125500
5,2,1,1365,1,600,765,765,0,36,125000
6,2,1,1334,2,0,1350,1334,1,16,167900
5,2,2,1656,2,0,1656,1656,0,211,135000
4,0,1,693,1,0,693,693,0,20,52500
7,2,1,1861,2,941,916,920,0,91,200000
5,1,1,864,1,0,864,864,0,0,128500
4,4,1,872,1,0,858,872,0,0,123000
6,2,1,1114,1,0,1114,1114,0,78,155000
8,2,1,2169,2,885,1284,1284,1,87,228500
6,2,1,1913,1,741,896,1172,1,0,177000
7,2,1,1456,2,728,728,728,1,0,155835
4,1,1,960,1,0,960,960,0,0,108500
7,2,1,2156,2,0,1568,2156,1,80,262500
8,3,1,1776,2,0,1732,1776,1,0,283463
7,2,1,1494,2,0,1482,1494,1,25,215000
8,0,1,2358,2,1215,684,938,0,54,122000
5,4,2,2634,2,1296,1248,1338,0,0,200000
6,2,1,1716,1,858,858,858,1,84,171000
6,2,1,1176,1,390,698,786,0,0,134900
8,3,1,3238,2,1185,2033,2053,1,86,410000
7,3,1,1865,2,873,992,992,1,184,235000
7,2,1,1920,3,698,570,1222,1,98,170000
5,1,1,892,1,0,864,892,0,0,110000
5,2,1,1078,1,0,1078,1078,1,0,149900
6,2,1,1573,2,804,756,769,0,32,177500
9,3,1,1980,2,0,1980,1980,1,45,315000
5,2,1,2601,3,1611,612,990,0,0,189000
7,2,1,1530,2,0,1530,1530,1,36,260000
4,1,1,1738,2,457,715,1281,1,0,104900
6,2,1,1412,2,796,616,616,1,36,156932
7,2,1,1200,2,600,600,520,0,166,144152
7,2,1,1674,2,860,814,814,0,96,216000
7,2,1,1790,2,908,873,882,0,88,193000
5,1,1,1475,2,550,757,925,1,26,127000
6,2,1,848,1,0,848,848,0,0,144000
8,2,1,1668,2,0,1657,1668,1,262,232000
4,1,1,1374,1,534,840,840,0,0,105000
6,1,1,1661,1,0,992,1661,1,28,165500
7,2,1,2097,2,989,1108,1108,1,170,274300
10,3,1,2633,2,0,2633,2633,2,140,466500
7,3,1,1958,2,932,1026,1026,1,210,250000
8,3,1,1571,2,0,1571,1571,1,36,239000
6,1,1,790,1,0,768,790,0,141,91000
5,2,1,1604,2,620,984,984,0,68,117000
6,1,1,987,1,504,483,483,0,0,83000
5,2,1,1394,2,640,384,754,0,0,167500
3,1,1,864,1,0,864,864,0,0,58500
6,2,1,2117,2,0,1205,2117,2,42,237500
7,2,1,1762,1,764,596,998,0,0,157000
5,2,1,1416,2,0,816,1416,0,0,112000
6,1,1,1258,1,560,560,698,0,0,105000
4,1,1,1154,1,358,796,796,0,96,125500
7,2,1,2784,3,1392,1392,1392,2,112,250000
6,1,1,2526,2,862,714,1664,1,15,136000
9,3,1,1746,2,0,1746,1746,2,39,377500
6,2,1,1218,1,349,735,869,1,0,131000
7,2,1,1525,2,0,1525,1525,0,36,235000
5,3,2,1584,2,0,1584,1584,0,152,124000
5,1,1,900,1,0,864,900,1,144,123000
6,2,2,1912,2,691,482,1221,1,25,163000
7,3,1,1500,2,0,1356,1500,1,20,246578
8,3,1,2482,2,1349,1094,1133,1,39,281213
5,2,1,1687,1,0,747,1687,2,0,160000
5,1,1,1513,1,574,939,939,0,0,137500
5,1,1,1904,1,768,1208,1136,0,0,138000
6,1,1,1608,2,448,976,1160,1,16,137450
6,1,1,1158,1,208,862,950,1,0,120000
6,2,1,1593,2,729,839,864,1,75,193000
7,2,1,1294,2,0,1286,1294,1,55,193879
8,3,1,1464,2,0,1485,1464,0,160,282922
3,3,1,1214,1,520,672,694,0,0,105000
8,2,1,1646,2,0,1594,1646,1,53,275000
5,2,1,768,1,0,768,768,0,0,133000
5,0,1,833,1,0,833,833,0,0,112000
4,2,1,1363,1,622,622,741,0,0,125500
7,2,1,2093,2,857,791,1236,1,63,215000
7,2,1,1840,2,896,944,944,0,45,230000
6,1,1,1668,1,556,856,1112,0,0,140000
4,2,2,1040,2,0,0,1040,0,0,90000
8,2,1,1844,2,0,1844,1844,1,44,257000
6,2,1,1848,1,795,833,1053,1,0,207000
7,3,1,1569,2,0,1386,1569,1,20,175900
4,2,2,2290,2,1044,777,1246,0,0,122500
8,3,1,2450,2,1140,1284,1310,1,126,340000
5,1,1,1144,1,0,1144,1144,0,88,124000
6,2,1,1844,2,0,1844,1844,1,73,223000
6,2,1,1416,2,708,708,708,1,169,179900
6,2,1,1069,2,0,1069,1069,1,55,127500
6,2,1,848,1,0,848,848,0,0,136500
6,2,1,2201,2,626,697,1575,1,236,274970
5,1,1,1344,1,0,1024,1344,1,28,144000
6,2,1,1252,1,0,1252,1252,0,39,142000
7,2,1,2127,2,904,1223,1223,2,132,271000
5,1,1,1558,1,510,913,1048,1,0,140000
5,1,1,804,1,0,788,804,2,0,119000
6,2,1,1440,2,0,1440,1440,1,0,182900
5,2,1,1838,2,1104,732,734,1,40,192140
6,2,1,958,2,0,958,958,0,60,143750
4,1,1,968,2,0,656,968,0,0,64500
6,2,1,1792,2,830,936,962,1,0,186500
5,2,1,1126,2,0,1126,1126,1,41,160000
6,2,1,1537,1,0,1319,1537,1,36,174000
4,2,1,864,1,0,864,864,0,0,120500
8,3,1,1932,2,0,1932,1932,1,66,394617
6,2,1,1236,1,0,912,1236,0,158,149700
7,2,1,1725,2,685,539,1040,1,88,197000
6,2,1,2555,2,748,588,1423,1,0,191000
6,2,1,848,1,0,848,848,1,0,149300
10,3,1,2007,2,981,1017,1026,1,52,310000
6,1,1,952,1,0,952,952,1,98,121000
7,2,1,1422,2,0,1422,1422,0,60,179600
6,1,1,913,1,0,814,913,0,0,129000
5,1,1,1188,1,0,1188,1188,0,39,157900
8,2,1,2090,2,870,1220,1220,1,65,240000
4,1,1,1346,1,550,560,796,0,24,112000
5,0,1,630,1,0,630,630,0,0,92000
5,0,2,1792,2,896,896,896,0,45,136000
8,3,1,1578,2,0,1573,1578,1,36,287090
5,2,1,1072,1,0,547,1072,0,28,145000
5,0,1,1140,1,0,1140,1140,0,56,84500
7,2,1,1221,2,0,1221,1221,0,113,185000
6,2,1,1647,2,694,953,953,1,40,175000
6,2,1,2073,2,0,1542,2073,2,0,210000
7,1,1,2340,2,1152,1152,1188,2,60,266500
5,1,1,1078,1,0,1078,1078,0,0,142125
5,1,1,1256,1,0,1256,1256,0,68,147500
